trading_symbol,exchange_token
SJVN-EQ,18883
PRIMESECU-EQ,11864
FLAIR-EQ,20372
DHUNINV-EQ,22233
TARACHAND-EQ,23512
INGERRAND-EQ,1597
EPACKPEB-EQ,759251
BANKBARODA-EQ,4668
WSTCSTPAPR-EQ,3799
GILLETTE-EQ,1576
INDOBORAX-EQ,8614
BEPL-EQ,419
MINDACORP-EQ,25897
CEMPRO-EQ,5622
SBIETFIT-EQ,740
GRPLTD-EQ,6543
FAZE3Q-EQ,12000
CHEVIOT-EQ,9879
AIROLAM-EQ,6068
BLISSGVS-EQ,19265
VIDHIING-EQ,13536
VALIANTLAB-EQ,19218
GEEKAYWIRE-EQ,17922
UNIMECH-EQ,28960
ITBETA-EQ,22488
GRINFRA-EQ,5054
JAGRAN-EQ,13211
MOMOMENTUM-EQ,8182
TCI-EQ,10580
ENDURANCE-EQ,18822
GUJAPOLLO-EQ,14677
VLEGOV-EQ,18012
ASTRON-EQ,874
DUCON-EQ,28952
ZEELEARN-EQ,20852
ABSLNN50ET-EQ,7339
JAYNECOIND-EQ,2331
NRL-EQ,13675
HITECHCORP-EQ,15161
TOP100CASE-EQ,24081
ACCELYA-EQ,7053
JUBLINGREA-EQ,2783
DCM-EQ,805
TOP10ADD-EQ,25171
ZENSARTECH-EQ,1076
ELGIEQUIP-EQ,937
PONNIERODE-EQ,10661
TVTODAY-EQ,11275
AHLEAST-EQ,19438
BALAMINES-EQ,14501
WABAG-EQ,20188
TMCV-EQ,759782
SHEMAROO-EQ,5068
SASTASUNDR-EQ,20063
STYL-EQ,759934
METALIETF-EQ,24861
MEESHO-EQ,760229
MOTILALOFS-EQ,14947
OSWALGREEN-EQ,471
TIIL-EQ,14223
TTML-EQ,8954
PARADEEP-EQ,9741
ASKAUTOLTD-EQ,20152
GATECHDVR-EQ,17
THANGAMAYL-EQ,18118
INNOVACAP-EQ,21062
SCILAL-EQ,23127
SHREERAMA-EQ,7627
SOLEX-EQ,759397
SINCLAIR-EQ,23480
CUMMINSIND-EQ,1901
AXISGOLD-EQ,20532
GULFPETRO-EQ,11581
NIFTYETF-EQ,6353
BCLIND-EQ,2513
HDFCNEXT50-EQ,10619
OLAELEC-EQ,24777
CROWN-EQ,8083
CEIGALL-EQ,24742
PANACHE-EQ,16292
LAMBODHARA-EQ,6407
NUVOCO-EQ,5426
DYNAMATECH-EQ,4525
SILVER1-EQ,13082
BLUEDART-EQ,495
ATL-EQ,17778
GULPOLY-EQ,6286
NLCINDIA-EQ,8585
RMDRIP-EQ,757834
EBBETF0430-EQ,16253
GODREJAGRO-EQ,144
INDIGOPNTS-EQ,2048
MIRZAINT-EQ,4394
OBCL-EQ,8797
GMRP&UI-EQ,8529
VADILALIND-EQ,24196
HCC-EQ,1375
SILVER-EQ,8003
CCL-EQ,11452
AKUMS-EQ,24715
MIDCAP-EQ,8077
DHRUV-EQ,6858
GODREJIND-EQ,10925
MOMENTUM30-EQ,759488
KFINTECH-EQ,13359
GRWRHITECH-EQ,7982
VGL-EQ,13771
JINDWORLD-EQ,20642
IKIO-EQ,16822
RBZJEWEL-EQ,20874
BETA-EQ,759842
POLYCAB-EQ,9590
LAOPALA-EQ,14423
RGL-EQ,15129
VRLLOG-EQ,8696
UTLSOLAR-EQ,759876
MIDCAPIETF-EQ,17152
COFFEEDAY-EQ,11165
IDFCFIRSTB-EQ,11184
GOLDBND-EQ,760325
AWL-EQ,8110
CCAVENUE-EQ,16249
PYRAMID-EQ,18250
ASHOKA-EQ,20182
DIVISLAB-EQ,10940
CIGNITITEC-EQ,5142
OSWALSEEDS-EQ,14305
ALPHAETF-EQ,19640
RUCHINFRA-EQ,4566
NIITMTS-EQ,17747
BROOKS-EQ,25136
PASHUPATI-EQ,757955
SUMMITSEC-EQ,21275
NEXT50IETF-EQ,4529
HGS-EQ,14712
SOTL-EQ,3021
PASUPTAC-EQ,6045
CIFL-EQ,756015
SHAILY-EQ,8727
TOUCHWOOD-EQ,16908
FILATEX-EQ,24532
FINPIPE-EQ,1041
AFFLE-EQ,11343
LXCHEM-EQ,2841
BSE500IETF-EQ,3001
RAIN-EQ,15337
CAMS-EQ,342
TPLPLASTEH-EQ,9219
TEAMGTY-EQ,10717
SANDESH-EQ,2988
PNCINFRA-EQ,9385
SKFINDIA-EQ,3186
KOKUYOCMLN-EQ,16827
INOXGREEN-EQ,12188
UEL-EQ,23507
FINCABLES-EQ,1038
BLS-EQ,17279
ALPA-EQ,14848
SREEL-EQ,31837
COFORGE-EQ,11543
MIDQ50ADD-EQ,7456
KOHINOOR-EQ,3009
SMALLADD-EQ,760359
IMPAL-EQ,12009
POWERGRID-EQ,14977
TECHNOE-EQ,6445
PRINCEPIPE-EQ,16045
STEELCITY-EQ,10406
GREAVESCOT-EQ,1235
VMART-EQ,29284
LIQUIDBETF-EQ,23915
FINOPB-EQ,6579
RPTECH-EQ,22670
BCG-EQ,8833
GPTHEALTH-EQ,22846
ABCOTS-EQ,759130
CONSOFINVT-EQ,11731
PLASTIBLEN-EQ,13920
DIAMONDYD-EQ,21840
SYSTMTXC-EQ,759355
SHILPAMED-EQ,17752
DBEIL-EQ,25892
CINELINE-EQ,27161
SIEMENS-EQ,3150
KAKATCEM-EQ,1811
LMW-EQ,1979
HLEGLAS-EQ,2289
NAHARSPING-EQ,14440
GENESYS-EQ,10905
HATHWAY-EQ,18154
EBGNG-EQ,757862
KSHITIJPOL-EQ,10407
ABSLBANETF-EQ,13987
CREDITACC-EQ,4421
GANDHITUBE-EQ,14116
BOHRAIND-EQ,11640
RADICO-EQ,10990
URBANCO-EQ,759084
RVTH-EQ,25157
MID150CASE-EQ,24077
SHIVAUM-EQ,759747
PEARLPOLY-EQ,2610
SNXT30BEES-EQ,757455
CONSUMIETF-EQ,6446
AUBANK-EQ,21238
EQUAL50-EQ,757142
MRPL-EQ,2283
SAHYADRI-EQ,14900
TBOTEK-EQ,23740
KMSUGAR-EQ,14667
SAILIFE-EQ,27839
ADVANCE-EQ,759402
UNIPARTS-EQ,13057
ABFRL-EQ,30108
PHARMABEES-EQ,4973
INFRAIETF-EQ,10723
EPIGRAL-EQ,5382
TEGA-EQ,7105
SHALPAINTS-EQ,15342
SPECIALITY-EQ,27107
VAIBHAVGBL-EQ,11364
RICOAUTO-EQ,2909
PROTEAN-EQ,29472
RELIANCE-EQ,2885
LALPATHLAB-EQ,11654
LEMERITE-EQ,760300
ZYDUSWELL-EQ,17635
KSOLVES-EQ,11060
HINDUNILVR-EQ,1394
KEI-EQ,13310
BANKADD-EQ,13644
ARENTERP-EQ,181
TIGERLOGS-EQ,759176
CPCAP-EQ,20086
RATEGAIN-EQ,7177
ZOTA-EQ,11394
SUNFLAG-EQ,3348
AXISBPSETF-EQ,3530
MON50EQUAL-EQ,756900
SHAHALLOYS-EQ,11856
SELECTIPO-EQ,30109
MAHSEAMLES-EQ,2088
SESHAPAPER-EQ,3066
FIBERWEB-EQ,8159
MONIFTY100-EQ,759371
VENKEYS-EQ,3757
GENUSPOWER-EQ,11905
VIDYAWIRES-EQ,760224
IMAGICAA-EQ,7672
REPL-EQ,1480
VINNY-EQ,12490
NAZARA-EQ,2987
MOMENTUM50-EQ,25606
AONEGOLD-EQ,758904
ADANIENT-EQ,25
CARBORUNIV-EQ,595
GPPL-EQ,19731
BANG-EQ,15303
FCL-EQ,6198
AMNPLST-EQ,19867
HDFCNIFIT-EQ,12101
WENDT-EQ,4235
KOTAKBANK-EQ,1922
NIRAJISPAT-EQ,18840
UNIVCABLES-EQ,3607
REGAAL-EQ,758680
BSE-EQ,19585
GOLDCASE-EQ,22901
APTUS-EQ,5435
ADSL-EQ,14813
HEXT-EQ,29666
UDS-EQ,19113
UNIVASTU-EQ,18977
GRINDWELL-EQ,13560
JTLIND-EQ,7287
AHLUCONT-EQ,17833
GLAND-EQ,1186
EVIETF-EQ,755881
PVRINOX-EQ,13147
PAYTM-EQ,6705
BOROLTD-EQ,19401
VHL-EQ,11892
METAL-EQ,25744
IPCALAB-EQ,1633
CARERATING-EQ,29113
DAMODARIND-EQ,17541
ORIENTPPR-EQ,2496
SHANTIGEAR-EQ,3078
CONSUMBEES-EQ,2435
PSB-EQ,21001
MPSLTD-EQ,10578
AGARIND-EQ,3389
AKASH-EQ,13510
MOTOUR-EQ,757443
GROWWN200-EQ,29872
SCPL-EQ,12072
VOLTAMP-EQ,13577
EIHAHOTELS-EQ,15399
STARTECK-EQ,9305
HAVISHA-EQ,7457
ABGSEC-EQ,24404
NECCLTD-EQ,13522
NIF100BEES-EQ,29577
SETFNN50-EQ,7353
STYLAMIND-EQ,5186
SENSEXETF-EQ,19224
AKSHARCHEM-EQ,20178
SPCENET-EQ,19372
JKIPL-EQ,759205
MOM30IETF-EQ,10585
PSUBANKADD-EQ,17616
COMPUSOFT-EQ,31138
APTECHT-EQ,10755
RBLBANK-EQ,18391
SJS-EQ,6643
INTERARCH-EQ,24909
HERANBA-EQ,2614
SGIL-EQ,5114
LUXIND-EQ,11301
BBETF0432-EQ,7196
KOTHARIPRO-EQ,5528
SUVIDHAA-EQ,2998
KEYFINSERV-EQ,4157
CANTABIL-EQ,20160
RAINBOW-EQ,9408
EDELWEISS-EQ,15119
AMBER-EQ,1185
SUNTV-EQ,13404
KIRLOSBROS-EQ,18581
EMIL-EQ,11530
DEVYANI-EQ,5373
LIQUID1-EQ,13950
WIPL-EQ,20481
GROWWNET-EQ,757814
TATAPOWER-EQ,3426
ABSLLIQUID-EQ,14518
SALONA-EQ,17351
WALCHANNAG-EQ,3736
PNC-EQ,9342
ROSSARI-EQ,19410
SHIVALIK-EQ,7016
LUMAXTECH-EQ,14014
POWERMECH-EQ,10473
LIBAS-EQ,11082
AERONEU-EQ,13689
LIQGRWBEES-EQ,757725
EICHERMOT-EQ,910
GATEWAY-EQ,8510
BANKBETA-EQ,22440
SETFGOLD-EQ,17272
SIGACHI-EQ,6663
SPECTRUM-EQ,30455
HINDWAREAP-EQ,15883
KRN-EQ,25643
ATLANTAELE-EQ,759007
SUKHJITS-EQ,11804
CAPITALSFB-EQ,22675
SENORES-EQ,28888
BBTC-EQ,380
THOMASCOOK-EQ,3481
OAL-EQ,10768
LENSKART-EQ,759605
OMAXE-EQ,14853
COSMOFIRST-EQ,742
KRONOX-EQ,24025
ORIENTHOT-EQ,2493
EMKAY-EQ,13421
LICMFGOLD-EQ,25640
SWELECTES-EQ,11909
TCS-EQ,11536
GLOBE-EQ,393
MANINDS-EQ,11884
ORISSAMINE-EQ,19931
MAHEPC-EQ,17603
SAKHTISUG-EQ,2969
NAVNETEDUL-EQ,2385
COUNCODOS-EQ,16986
NELCO-EQ,2388
PNB-EQ,10666
AVG-EQ,15589
HDFCLIQUID-EQ,18279
TARSONS-EQ,6943
GROWWGOLD-EQ,25872
STYRENIX-EQ,19
BALKRISIND-EQ,335
AJANTPHARM-EQ,8124
GROWWSLVR-EQ,756827
GROWWCHEM-EQ,760673
SOFTTECH-EQ,8266
KPITTECH-EQ,9683
LOWVOL-EQ,14786
RELAXO-EQ,24225
APOLLOHOSP-EQ,157
SYMPHONY-EQ,24190
RELIGARE-EQ,15068
AARTIDRUGS-EQ,4481
QUADFUTURE-EQ,29087
PFS-EQ,22602
TITAN-EQ,3506
MOPSE-EQ,757431
AARVI-EQ,19073
TRIDENT-EQ,9685
PGIL-EQ,14260
RKFORGE-EQ,11411
SCHNEIDER-EQ,31234
OIL-EQ,17438
VIPCLOTHNG-EQ,14843
RNBDENIMS-EQ,758981
SHREEPUSHK-EQ,10588
ALKYLAMINE-EQ,4487
VARDHACRLC-EQ,11220
SBGLP-EQ,14139
CHOLAFIN-EQ,685
GKWLIMITED-EQ,17357
BBNPPGOLD-EQ,20547
ASHOKAMET-EQ,16943
SURYODAY-EQ,2970
PAVNAIND-EQ,16192
PLAZACABLE-EQ,19458
IPL-EQ,4934
JGCHEM-EQ,23056
RPOWER-EQ,15259
CENTEXT-EQ,11511
MUTHOOTMF-EQ,20831
SUBROS-EQ,3324
GSEC10YEAR-EQ,14938
EIHOTEL-EQ,919
SUNCLAY-EQ,20956
DREDGECORP-EQ,11271
SPLIL-EQ,11935
NEXTMEDIA-EQ,9867
JOCIL-EQ,16927
TATAELXSI-EQ,3411
STCINDIA-EQ,10948
ANGELONE-EQ,324
JAIPURKURT-EQ,5516
SANATHAN-EQ,28805
GROWWMC150-EQ,759719
DIGITIDE-EQ,757515
RVNL-EQ,9552
WEBELSOLAR-EQ,14602
EMCURE-EQ,24398
MTNL-EQ,2294
HEIDELBERG-EQ,2316
FIVESTAR-EQ,12032
HBLENGINE-EQ,13966
MAZDA-EQ,18866
NRBBEARING-EQ,7553
PHOENIXLTD-EQ,14552
SRF-EQ,3273
RAMAPHO-EQ,10568
PRAKASH-EQ,2708
OSWALPUMPS-EQ,756802
ADROITINFO-EQ,4953
MANORG-EQ,6422
STUDDS-EQ,759587
HDFCLIFE-EQ,467
INDORAMA-EQ,10993
DGCONTENT-EQ,10346
OBEROIRLTY-EQ,20242
CHEMPLASTS-EQ,5449
RAMRAT-EQ,10485
PRECOT-EQ,2711
OCCLLTD-EQ,25918
SKIPPER-EQ,9428
SILVERIETF-EQ,7942
DATAMATICS-EQ,11423
RPGLIFE-EQ,16725
KANORICHEM-EQ,1835
NPST-EQ,756324
MAHLIFE-EQ,8050
AARON-EQ,1030
ANDHRAPAP-EQ,166
MPHASIS-EQ,4503
SUPRAJIT-EQ,11689
SAURASHCEM-EQ,3018
WINDMACHIN-EQ,24969
DCMNVL-EQ,11039
MEDIASSIST-EQ,21705
AXISBANK-EQ,5900
SETFNIFBK-EQ,7361
BANSALWIRE-EQ,24386
TECHM-EQ,13538
MOMGF-EQ,757099
TATAINVEST-EQ,1621
MADHUCON-EQ,13671
VAKRANGEE-EQ,13342
VIPIND-EQ,3703
SPANDANA-EQ,11435
LIQUIDIETF-EQ,4838
MOTOGENFIN-EQ,2268
PETRONET-EQ,11351
KANSAINER-EQ,1196
IOLCP-EQ,20413
VOLTAS-EQ,3718
MSPL-EQ,11919
VERANDA-EQ,8890
COROMANDEL-EQ,739
JARO-EQ,759951
WELSPUNLIV-EQ,11253
SMSPHARMA-EQ,14329
RKDL-EQ,20950
MANUGRAPH-EQ,13572
RANASUG-EQ,2837
RTNINDIA-EQ,27297
CREATIVEYE-EQ,9384
TORNTPOWER-EQ,13786
DJML-EQ,12749
PATINTLOG-EQ,15219
JUBLFOOD-EQ,18096
INSECTICID-EQ,14657
SENSEXIETF-EQ,4378
AUTOIND-EQ,14106
TNPL-EQ,3980
POWERINDIA-EQ,18457
SILVER360-EQ,756150
NETWORK18-EQ,14111
GEECEE-EQ,13658
APOLLOTYRE-EQ,163
DNAMEDIA-EQ,641
BAJAJHCARE-EQ,6863
ACUTAAS-EQ,5578
SUNDARMFIN-EQ,3339
LICNMID100-EQ,22722
ASTERDM-EQ,1508
SMLMAH-EQ,3387
S&SPOWER-EQ,2951
CHEMFAB-EQ,2799
MOSILVER-EQ,758457
MNC-EQ,10676
TOTAL-EQ,22423
ROSSTECH-EQ,27353
RAYMONDREL-EQ,758551
ABSLPSE-EQ,23806
LOYALTEX-EQ,10590
GREENPLY-EQ,3987
ASTRAL-EQ,14418
NIACL-EQ,399
TSFINV-EQ,2183
GALAXYSURF-EQ,1315
GLOBUSSPR-EQ,17424
GOLDIAM-EQ,11971
VARDMNPOLY-EQ,3646
SEJALLTD-EQ,7091
GILT10BETA-EQ,22524
NDTV-EQ,11427
INOXINDIA-EQ,20607
MARINE-EQ,1328
INDIACEM-EQ,1515
ANUHPHR-EQ,28314
RHIM-EQ,31163
WINDLAS-EQ,5366
EPACK-EQ,22463
KPRMILL-EQ,14912
HESTERBIO-EQ,7048
PREMEXPLN-EQ,17397
WEWIN-EQ,9862
UPL-EQ,11287
SALZERELEC-EQ,11399
MURUDCERA-EQ,2313
BHAGERIA-EQ,13400
ICICIPRULI-EQ,18652
CENTURYPLY-EQ,13305
STEELXIND-EQ,21339
SILGO-EQ,2492
TAJGVK-EQ,9354
BANKIETF-EQ,11037
RAYMONDLSL-EQ,25073
VINYLINDIA-EQ,16821
AFSL-EQ,13288
CANHLIFE-EQ,759477
ITDC-EQ,19299
EIMCOELECO-EQ,4040
UNIVPHOTO-EQ,17659
PROSTARM-EQ,758173
SHREDIGCEM-EQ,3099
NPBET-EQ,12978
CENTRALBK-EQ,14894
HDFCNIF100-EQ,10633
SHYAMMETL-EQ,4693
BPCL-EQ,526
MAZDOCK-EQ,509
SUNTECK-EQ,17641
EASEMYTRIP-EQ,2792
DELPHIFX-EQ,24391
NCLIND-EQ,14490
GTL-EQ,1162
AUTOBEES-EQ,7880
NYKAA-EQ,6545
ISHANCH-EQ,30249
EXICOM-EQ,22947
ORIENTCER-EQ,13111
DCW-EQ,817
SHANTIGOLD-EQ,758002
TCIEXP-EQ,19223
BOMDYEING-EQ,513
NATCAPSUQ-EQ,29583
SMCGLOBAL-EQ,2320
ANANDRATHI-EQ,7145
PARKHOSPS-EQ,760351
SADBHIN-EQ,10618
SUPRIYA-EQ,7390
NITINSPIN-EQ,13175
MAHAPEXLTD-EQ,5239
HGM-EQ,13592
DPWIRES-EQ,16900
ZENITHSTL-EQ,14562
SUNDRMBRAK-EQ,4179
BEARDSELL-EQ,17933
WORTHPERI-EQ,22277
SHREECEM-EQ,3103
NILAINFRA-EQ,9253
LLOYDSENT-EQ,25807
BLACKBUCK-EQ,27144
LEXUS-EQ,14459
APEX-EQ,21623
IRB-EQ,15313
JYOTISTRUC-EQ,1802
LFIC-EQ,7902
NETF-EQ,7838
IBULLSLTD-EQ,24999
HIKAL-EQ,9668
GOACARBON-EQ,14687
JSWSTEEL-EQ,11723
MTARTECH-EQ,2709
AARTIPHARM-EQ,13868
SPAL-EQ,18252
EMUDHRA-EQ,9756
SGL-EQ,13367
ALKEM-EQ,11703
AVONMORE-EQ,13557
PCJEWELLER-EQ,29124
PODDARMENT-EQ,19036
BLUECOAST-EQ,7480
JINDRILL-EQ,13875
JINDALSAW-EQ,3024
GARUDA-EQ,25800
MOLDTECH-EQ,17625
ASMS-EQ,14064
LICNFNHGP-EQ,15229
NDL-EQ,31258
SUTLEJTEX-EQ,13801
MON100-EQ,22739
AAKASH-EQ,235
NAHARPOLY-EQ,14445
SMARTWORKS-EQ,757965
VALIANTORG-EQ,330
SAGCEM-EQ,14068
FMGOETZE-EQ,1190
RAMCOCEM-EQ,2043
BAJAJINDEF-EQ,29678
MOLOWVOL-EQ,8654
DCI-EQ,11566
SHIVATEX-EQ,804
DDEVPLSTIK-EQ,29098
LTGILTCASE-EQ,758705
NMDC-EQ,15332
HIRECT-EQ,13890
BSLGOLDETF-EQ,23804
SIGNPOST-EQ,22656
NORTHARC-EQ,25426
CENTUM-EQ,14982
INDOAMIN-EQ,9116
ASIANHOTNR-EQ,18422
RPEL-EQ,24735
HDFCNIFTY-EQ,11591
VISAKAIND-EQ,4221
INDBANK-EQ,16933
GLENMARK-EQ,7406
ALOKINDS-EQ,17675
ELECTHERM-EQ,4469
JSWENERGY-EQ,17869
DMCC-EQ,6973
VISHWARAJ-EQ,13702
AXISHCETF-EQ,3608
KCPSUGIND-EQ,4809
JMFINANCIL-EQ,13637
AXISVALUE-EQ,30155
MOGSEC-EQ,1507
KRITIKA-EQ,9288
ELIQUID-EQ,759466
KMEW-EQ,27084
MAHSCOOTER-EQ,2085
SBILIFE-EQ,21808
SILVERBND-EQ,760328
BIOCON-EQ,11373
DHAMPURSUG-EQ,857
RAMASTEEL-EQ,10300
HERITGFOOD-EQ,4598
SANGHIIND-EQ,2997
ITI-EQ,1675
STEELCAS-EQ,6803
HPIL-EQ,11796
LAXMIDENTL-EQ,29171
TIRUMALCHM-EQ,3496
EVINDIA-EQ,24461
SANOFICONR-EQ,25222
INDOSTAR-EQ,3088
MIDCAPBETA-EQ,18347
NAVKARCORP-EQ,10557
IRCTC-EQ,13611
AMAGI-EQ,760740
HAVELLS-EQ,9819
UNIECOM-EQ,24809
SAMMAANCAP-EQ,30125
COALINDIA-EQ,20374
APCOTEXIND-EQ,154
NCC-EQ,2319
CIEINDIA-EQ,14937
MASKINVEST-EQ,18727
USHAMART-EQ,8840
WILLAMAGOR-EQ,3772
NILASPACES-EQ,7411
JAINREC-EQ,759244
SILVERCASE-EQ,30274
PSUBNKIETF-EQ,14584
STOVEKRAFT-EQ,2107
RAMANEWS-EQ,13565
NUVAMA-EQ,18721
WESTLIFE-EQ,11580
GOLDADD-EQ,15356
SHIVAMILLS-EQ,1497
ASPINWALL-EQ,17270
IOB-EQ,9348
TBZ-EQ,27037
ADANIPOWER-EQ,17388
JSL-EQ,11236
BHARATCOAL-EQ,760726
FOCUS-EQ,6836
GROWWNXT50-EQ,759458
GRSE-EQ,5475
DCMSRIND-EQ,7325
KIRLPNU-EQ,15180
BRIGADE-EQ,15184
OMAXAUTO-EQ,10922
NHPC-EQ,17400
KRISHNADEF-EQ,761192
NDGL-EQ,18371
ACI-EQ,12024
ADOR-EQ,34
IFBAGRO-EQ,1482
WSI-EQ,14828
AJOONI-EQ,3403
BBL-EQ,13761
ECOSMOBLTY-EQ,25060
VIVIMEDLAB-EQ,11965
DEEDEV-EQ,24154
AGROPHOS-EQ,9046
MUKTAARTS-EQ,8687
GMDCLTD-EQ,5204
IKS-EQ,28125
RCF-EQ,2866
LINC-EQ,6951
GOCOLORS-EQ,6964
MOMNC-EQ,760054
MAMATA-EQ,28687
LLOYDSENGG-EQ,17801
SANSERA-EQ,5751
TREEHOUSE-EQ,25082
LASA-EQ,21713
LIQUIDSHRI-EQ,24374
IRMENERGY-EQ,19597
JPOLYINVST-EQ,31507
GALAPREC-EQ,25134
TASTYBITE-EQ,20092
CHEMBOND-EQ,14618
CTE-EQ,14218
SAKUMA-EQ,13251
INDOTHAI-EQ,25608
MOSMALL250-EQ,23181
HILTON-EQ,14627
PAGEIND-EQ,14413
HDFCAMC-EQ,4244
DCBBANK-EQ,13725
PRESTIGE-EQ,20302
RAMCOSYS-EQ,7851
ICRA-EQ,14523
ORIENTBELL-EQ,14278
GATECH-EQ,17888
MOSERVICE-EQ,760001
MARALOVER-EQ,2112
DODLA-EQ,4822
AGIIL-EQ,24445
YATRA-EQ,18760
SBIETFPB-EQ,722
CYBERTECH-EQ,6051
RELCHEMQ-EQ,9652
EUROPRATIK-EQ,759797
MARUTI-EQ,10999
MANORAMA-EQ,10227
KRITI-EQ,6417
NSLNISP-EQ,14180
SBIETFCON-EQ,5168
NURECA-EQ,2350
EKC-EQ,13091
MAITHANALL-EQ,24538
MODISONLTD-EQ,3316
LPDC-EQ,16863
INTENTECH-EQ,20071
ANUP-EQ,9014
HAPPYFORGE-EQ,20854
REFEX-EQ,17764
VLSFINANCE-EQ,3715
INDRAMEDCO-EQ,4751
TERASOFT-EQ,19292
NIFTYIETF-EQ,29553
DIGIDRIVE-EQ,21247
FAIRCHEMOR-EQ,1614
BIL-EQ,7848
TEMBO-EQ,3275
GANECOS-EQ,6944
GOLDIETF-EQ,19679
ENIL-EQ,13192
BOROSCI-EQ,24014
QUESS-EQ,17704
DEEPAKNTR-EQ,19943
PRICOLLTD-EQ,19631
GHCLTEXTIL-EQ,16696
NBIFIN-EQ,19111
CEATLTD-EQ,15254
SURAKSHA-EQ,27334
NINSYS-EQ,14194
GARFIBRES-EQ,1100
SBINEQWETF-EQ,24524
TRITURBINE-EQ,25584
TATSILV-EQ,21428
HEG-EQ,1336
BASML-EQ,12034
NIBL-EQ,29733
SHANTI-EQ,5650
ALGOQUANT-EQ,761270
SPENCERS-EQ,8163
ARTNIRMAN-EQ,6156
GOKEX-EQ,11778
SAMPANN-EQ,27303
CENTRUM-EQ,2454
SERVOTECH-EQ,5507
GODREJPROP-EQ,17875
BAIDFIN-EQ,13794
EIEL-EQ,27213
DENORA-EQ,4279
KAUSHALYA-EQ,15136
MOM50-EQ,19289
FMCGIETF-EQ,5306
BGRENERGY-EQ,15189
NITCO-EQ,13300
WHIRLPOOL-EQ,18011
KSL-EQ,18889
GINNIFILA-EQ,1142
WAKEFIT-EQ,760259
SPARC-EQ,14788
BYKE-EQ,7919
BOSCH-HCIL-EQ,4491
WANBURY-EQ,14063
ESAFSFB-EQ,19878
MOHITIND-EQ,29423
AVANTEL-EQ,24610
ONESOURCE-EQ,29224
MACPOWER-EQ,22347
MWL-EQ,759169
SKYGOLD-EQ,13631
SURANAT&P-EQ,10700
ORIENTALTL-EQ,14346
PNBHOUSING-EQ,18908
CAPLIPOINT-EQ,3906
NRAIL-EQ,20314
CHALET-EQ,8546
AMBIKCO-EQ,15234
URJA-EQ,20203
HITECH-EQ,2868
UNOMINDA-EQ,14154
KALAMANDIR-EQ,18755
GEOJITFSL-EQ,11896
ARCHIDPLY-EQ,16795
RADIOCITY-EQ,19877
DVL-EQ,15214
HNGSNGBEES-EQ,18284
DISHTV-EQ,14537
DLINKINDIA-EQ,17851
PWL-EQ,759723
ANMOL-EQ,3727
ITBEES-EQ,19084
JUNIORBEES-EQ,10939
BDL-EQ,2144
A2ZINFRA-EQ,20906
HAL-EQ,2303
GIPCL-EQ,1145
NV20IETF-EQ,17475
UNITDSPR-EQ,10447
TNTELE-EQ,3512
CONTROLPR-EQ,17477
GOPAL-EQ,23066
HCLTECH-EQ,7229
IRIS-EQ,6489
XELPMOC-EQ,8477
TIRUPATIFL-EQ,22282
ESTER-EQ,24265
INDSWFTLAB-EQ,4870
KTKBANK-EQ,8054
SGFIN-EQ,758853
BUTTERFLY-EQ,2716
EBBETF0433-EQ,13139
FMNL-EQ,21017
SPMLINFRA-EQ,3321
MHLXMIRU-EQ,7886
BEML-EQ,395
UMESLTD-EQ,19142
RANEHOLDIN-EQ,2844
MAXHEALTH-EQ,22377
TIMKEN-EQ,14198
TRACXN-EQ,11582
DAVANGERE-EQ,21794
DEVIT-EQ,8146
AHCL-EQ,758968
SOLARINDS-EQ,13332
SNOWMAN-EQ,4843
HFCL-EQ,21951
INDIAMART-EQ,10726
ISFT-EQ,18479
BSHSL-EQ,809
ATLANTAA-EQ,13585
IXIGO-EQ,24067
MSCIINDIA-EQ,29758
ICIL-EQ,11987
MARATHON-EQ,18659
ESENSEX-EQ,759995
ALMONDZ-EQ,16719
VISASTEEL-EQ,13295
KRISHANA-EQ,12847
PVTBANKADD-EQ,17576
KRSNAA-EQ,5359
ATALREAL-EQ,15649
ATUL-EQ,263
AURUM-EQ,10310
SUDARSCHEM-EQ,3327
CMSINFO-EQ,7603
CAPILLARY-EQ,759867
CUB-EQ,5701
SEAMECLTD-EQ,2616
MOMENTUM-EQ,10693
INDIANB-EQ,14309
SIGIND-EQ,4522
CLEDUCATE-EQ,20223
MADRASFERT-EQ,4911
RPPL-EQ,6913
LICHSGFIN-EQ,1997
SHAREINDIA-EQ,104
GODAVARIB-EQ,25941
LINCOLN-EQ,11596
MICEL-EQ,7169
PKTEA-EQ,10321
AKI-EQ,14890
M&MFIN-EQ,13285
ENTERO-EQ,22717
ANANTRAJ-EQ,13620
ZODIAC-EQ,7129
HEXATRADEX-EQ,27008
METROBRAND-EQ,7242
SONACOMS-EQ,4684
DSSL-EQ,25690
AEROFLEX-EQ,18268
GLOBECIVIL-EQ,758572
ANTELOPUS-EQ,13598
COLPAL-EQ,15141
JKTYRE-EQ,14435
ODIGMA-EQ,27571
PALREDTEC-EQ,17062
ITC-EQ,1660
PENINLAND-EQ,2256
MOL-EQ,5394
KIRIINDUS-EQ,16639
GROWWMETAL-EQ,760438
MAFANG-EQ,3507
AKG-EQ,2176
RAJOOENG-EQ,757049
SHRADHA-EQ,708
SAIL-EQ,2963
PAR-EQ,5631
NIFTYADD-EQ,7451
INDOCO-EQ,11677
J&KBANK-EQ,5633
VASWANI-EQ,25340
SBFC-EQ,18026
GRAVITA-EQ,20534
TATACOMM-EQ,3721
INFOMEDIA-EQ,13693
TATACHEM-EQ,3405
JKLAKSHMI-EQ,13491
KIRLOSENG-EQ,20936
GHCL-EQ,1127
SILVERBETA-EQ,15085
PURVA-EQ,14922
APOLSINHOT-EQ,6302
BANCOINDIA-EQ,13880
SHRIPISTON-EQ,17186
PGHL-EQ,940
ALPHA-EQ,7412
HPAL-EQ,7376
WELINV-EQ,19800
TORNTPHARM-EQ,3518
GROWWLOVOL-EQ,758300
RISHABH-EQ,18417
KOTHARIPET-EQ,4594
LIBERTSHOE-EQ,1994
JITFINFRA-EQ,19691
CINEVISTA-EQ,8024
MOIL-EQ,20830
IGL-EQ,11262
SILINV-EQ,4105
NAGREEKCAP-EQ,14942
PSPPROJECT-EQ,20877
BAJAJFINSV-EQ,16675
MCX-EQ,31181
GROWWMOM50-EQ,756086
FUSION-EQ,11932
MGL-EQ,17534
KAVDEFENCE-EQ,15244
APLLTD-EQ,25328
CAMPUS-EQ,9362
BANKNIFTY1-EQ,5851
DEVX-EQ,759079
TRIVENI-EQ,13081
BANKETF-EQ,17419
BANKA-EQ,822
STLNETWORK-EQ,758958
TVSHLTD-EQ,29008
ATHERENERG-EQ,757645
EGOLD-EQ,19933
MVGJL-EQ,19015
ONGC-EQ,2475
RML-EQ,11975
GOLDBEES-EQ,14428
AYMSYNTEX-EQ,10285
RSSOFTWARE-EQ,6429
GSEC10IETF-EQ,13143
BALAJEE-EQ,25203
QNIFTY-EQ,16819
LIKHITHA-EQ,578
LAL-EQ,14924
MUTHOOTFIN-EQ,23650
VENTIVE-EQ,28847
MANYAVAR-EQ,8167
JAGSNPHARM-EQ,4410
OMFREIGHT-EQ,759411
CANFINHOME-EQ,583
UNICHEMLAB-EQ,3579
WCIL-EQ,25403
EMSLIMITED-EQ,18593
RUDRA-EQ,760392
LTGILTBEES-EQ,17700
LUPIN-EQ,10440
INDOUS-EQ,25503
KILITCH-EQ,19937
JWL-EQ,20224
KAYNES-EQ,12092
AKZOINDIA-EQ,1467
DHANBANK-EQ,11359
YESBANK-EQ,11915
ARIHANTCAP-EQ,3813
EBBETF0431-EQ,22239
RAJTV-EQ,14403
ARKADE-EQ,25398
MIRCELECTR-EQ,2202
LINDEINDIA-EQ,1627
WOCKPHARMA-EQ,7506
GRMOVER-EQ,10871
LIQUIDADD-EQ,23407
AUTOIETF-EQ,7844
RUSTOMJEE-EQ,12219
CAPACITE-EQ,21749
CPEDU-EQ,758941
VINDHYATEL-EQ,3694
THEMISMED-EQ,14485
NIRAJ-EQ,255
GRANULES-EQ,11872
UNIONBANK-EQ,10753
PRITIKAUTO-EQ,5292
VISHNU-EQ,6908
SCHAEFFLER-EQ,1011
RATNAMANI-EQ,13451
GPTINFRA-EQ,17685
VGUARD-EQ,15362
LAGNAM-EQ,5865
MUFIN-EQ,19783
TIJARIA-EQ,25482
ARSSBL-EQ,759956
KHANDSE-EQ,9641
QGOLDHALF-EQ,15330
UNITECH-EQ,3594
BHARATRAS-EQ,3834
CHEMCON-EQ,270
AARTIIND-EQ,7
LIQUIDETF-EQ,1927
SUVEN-EQ,11233
NILKAMAL-EQ,2421
BAJAJHIND-EQ,308
GSEC10ABSL-EQ,24847
NTPCGREEN-EQ,27176
DELHIVERY-EQ,9599
OILCOUNTUB-EQ,2472
MOIPO-EQ,759891
ZENITHEXPO-EQ,4176
ACMESOLAR-EQ,27061
TVSSRICHAK-EQ,14245
E2E-EQ,8937
TANLA-EQ,13976
LTF-EQ,24948
DABUR-EQ,772
PDSL-EQ,5264
KRITINUT-EQ,11432
ARIES-EQ,15204
SHILCTECH-EQ,759847
IFBIND-EQ,1485
ENERGY-EQ,759780
BIKAJI-EQ,11966
SYRMA-EQ,10793
LGEINDIA-EQ,760213
MASTERTR-EQ,27047
UNIENTER-EQ,11293
CERA-EQ,15039
RELTD-EQ,24596
TRU-EQ,9378
AHLADA-EQ,2004
HEALTHY-EQ,6297
ASTEC-EQ,17728
REMSONSIND-EQ,3965
AGI-EQ,1412
VSSL-EQ,27067
NIVABUPA-EQ,27097
JBMA-EQ,11655
METROPOLIS-EQ,9581
DBL-EQ,18086
RUPA-EQ,25724
DOLATALGO-EQ,12124
RACLGEAR-EQ,27171
LGBBROSLTD-EQ,18321
IRCON-EQ,4986
HDFCPSUBK-EQ,22595
GSFC-EQ,1247
REPCOHOME-EQ,29598
SARVESHWAR-EQ,12913
ORIENTTECH-EQ,24961
INSPIRISYS-EQ,13730
AVANTIFEED-EQ,7936
HINDPETRO-EQ,1406
CHOLAHLDNG-EQ,21740
SETF10GILT-EQ,17395
HUDCO-EQ,20825
TALBROAUTO-EQ,13648
KREBSBIO-EQ,1937
BUILDPRO-EQ,760594
SUNPHARMA-EQ,3351
CHEMBONDCH-EQ,757989
HEMIPROP-EQ,701
GLAXO-EQ,1153
BLUESTONE-EQ,759291
GESHIP-EQ,13776
PACEDIGITK-EQ,759342
GMMPFAUDLR-EQ,1570
KICL-EQ,21119
KSB-EQ,1949
HDFCGROWTH-EQ,11241
BSLNIFTY-EQ,24781
REDINGTON-EQ,14255
SUYOG-EQ,24851
WEL-EQ,7835
RATNAVEER-EQ,18423
COHANCE-EQ,17945
GUJTHEM-EQ,29731
LTTS-EQ,18564
ONMOBILE-EQ,15278
HYBRIDFIN-EQ,12809
RUBFILA-EQ,24730
CELEBRITY-EQ,13162
KHADIM-EQ,425
STERTOOLS-EQ,4299
PAUSHAKLTD-EQ,759969
GREENPANEL-EQ,13810
IGCL-EQ,757801
KEC-EQ,13260
NIITLTD-EQ,11522
ARVINDFASN-EQ,9111
PFC-EQ,14299
ABCAPITAL-EQ,21614
IVALUE-EQ,759041
SBISILVER-EQ,24366
EMAMIREAL-EQ,19277
PIIND-EQ,24184
ZFCVINDIA-EQ,16915
TEXRAIL-EQ,21828
MONTECARLO-EQ,5938
DALBHARAT-EQ,8075
BANKBETF-EQ,21986
LLOYDSME-EQ,17313
MBLINFRA-EQ,18029
IONEXCHANG-EQ,1630
ASIANENE-EQ,7030
EMAMIPAP-EQ,10074
UFO-EQ,9039
AXISBNKETF-EQ,1044
BIOFILCHEM-EQ,4136
IZMO-EQ,14174
SAGARDEEP-EQ,8175
KCP-EQ,1841
RPPINFRA-EQ,20760
IFCI-EQ,1491
URAVIDEF-EQ,17071
MHRIL-EQ,17333
CALSOFT-EQ,8341
LICNETFSEN-EQ,11441
KPIL-EQ,1814
HARIOMPIPE-EQ,8968
HDFCNIFBAN-EQ,22433
GOCLCORP-EQ,3963
SUNDARAM-EQ,18931
GROWWPOWER-EQ,758165
PRAENG-EQ,13941
EIDPARRY-EQ,916
SGMART-EQ,758889
SETCO-EQ,17514
BBTCL-EQ,12153
VSTL-EQ,22730
JBCHEPHARM-EQ,1726
DBSTOCKBRO-EQ,31107
JHS-EQ,13720
PRABHA-EQ,30134
NIFTY1-EQ,18102
ORCHPHARMA-EQ,926
LORDSCHLO-EQ,18232
RSWM-EQ,2794
NAUKRI-EQ,13751
ELECTCAST-EQ,928
KIOCL-EQ,19126
PVSL-EQ,23142
PALASHSECU-EQ,21383
LEMONTREE-EQ,2606
MGEL-EQ,1593
JSWHL-EQ,11880
AJAXENGG-EQ,29624
SYNGENE-EQ,10243
EMAMILTD-EQ,13517
TNIDETF-EQ,8882
GABRIEL-EQ,1085
LIQUIDPLUS-EQ,27075
JMA-EQ,7109
COCHINSHIP-EQ,21508
CLEAN-EQ,5049
AARTECH-EQ,17145
MOMIDMTM-EQ,757817
BHARATGEAR-EQ,426
VASCONEQ-EQ,18110
PRUDENT-EQ,9553
PARACABLES-EQ,13951
ICICIB22-EQ,522
NIFTYBETF-EQ,21959
LT-EQ,11483
GREENPOWER-EQ,20110
BBNPNBETF-EQ,24117
GMRAIRPORT-EQ,13528
NESCO-EQ,15409
SANOFI-EQ,1442
NATCOPHARM-EQ,3918
BANKPSU-EQ,25725
GRAPHITE-EQ,592
SRD-EQ,25737
GROWWEV-EQ,24798
DWARKESH-EQ,11667
360ONE-EQ,13061
KANPRPLA-EQ,1782
SILVERTUC-EQ,9422
HONAUT-EQ,3417
JAYAGROGN-EQ,4041
INDTERRAIN-EQ,21957
ASAL-EQ,10634
NAGAFERT-EQ,17295
MOTHERSON-EQ,4204
NV20-EQ,11457
RADIANTCMS-EQ,13580
GANESHCP-EQ,759012
SUDARCOLOR-EQ,715
ZYDUSLIFE-EQ,7929
MITCON-EQ,8469
PITTIENG-EQ,14134
GOLDBETA-EQ,14535
BLKASHYAP-EQ,13290
INDIAGLYCO-EQ,1521
TIPSFILMS-EQ,11374
MAHLOG-EQ,385
DBCORP-EQ,17881
EIFFL-EQ,6040
CONFIPET-EQ,10238
GENCON-EQ,2188
CASTROLIND-EQ,1250
ORIENTLTD-EQ,18208
ALPL30IETF-EQ,22344
BAJFINANCE-EQ,317
TMPV-EQ,3456
SHADOWFAX-EQ,761469
PCBL-EQ,2649
VEDL-EQ,3063
ASHAPURMIN-EQ,203
AVADHSUGAR-EQ,21406
AJMERA-EQ,17307
ALKALI-EQ,16959
IRISDOREME-EQ,2275
SUMIT-EQ,11140
TFL-EQ,14319
CASHIETF-EQ,30139
FOODSIN-EQ,6673
ADANIGREEN-EQ,3563
AXISNIFTY-EQ,21252
EQUAL50ADD-EQ,6606
RECLTD-EQ,15355
HEALTHIETF-EQ,3626
SEMAC-EQ,11961
JUBLPHARMA-EQ,3637
OSWALAGRO-EQ,2514
IMFA-EQ,19235
ESG-EQ,1200
GOLD360-EQ,30105
UCOBANK-EQ,11223
CREST-EQ,13900
MASTEK-EQ,2124
MANKIND-EQ,15380
GLOBALE-EQ,24932
ENGINERSIN-EQ,4907
MAXESTATES-EQ,19646
TPHQ-EQ,16996
SYNCOMF-EQ,11992
TATAGOLD-EQ,21401
BANARBEADS-EQ,347
IVZINGOLD-EQ,18292
AWFIS-EQ,23864
BAJAJHFL-EQ,25270
PPAP-EQ,15209
TRF-EQ,17987
VENUSPIPES-EQ,9592
BRITANNIA-EQ,547
SADHNANIQ-EQ,15343
EXIDEIND-EQ,676
JTEKTINDIA-EQ,3237
JSLL-EQ,758115
TIMETECHNO-EQ,14707
TARIL-EQ,15174
WONDERLA-EQ,3002
MOQUALITY-EQ,10822
KABRAEXTRU-EQ,1805
HINDCOPPER-EQ,17939
ZENTEC-EQ,7508
OPTIEMUS-EQ,21469
NIFTYBEES-EQ,10576
ADVENZYMES-EQ,18039
FEDFINA-EQ,20322
GREENLAM-EQ,6848
SCODATUBES-EQ,757478
BHARATSE-EQ,30244
VEEDOL-EQ,14019
IGPL-EQ,14086
MMFL-EQ,13844
BHANDARI-EQ,19556
HINDCON-EQ,4920
NGLFINE-EQ,10277
PSUBANK-EQ,15061
ANDHRSUGAR-EQ,136
THEINVEST-EQ,21427
EQUITASBNK-EQ,913
TOKYOPLAST-EQ,3837
TI-EQ,19196
PRAXIS-EQ,1204
RAMCOIND-EQ,4587
ARVSMART-EQ,10457
VESUVIUS-EQ,3676
INTLCONV-EQ,5606
INDOWIND-EQ,14952
PDMJEPAPER-EQ,15377
ZAGGLE-EQ,18608
AMRUTANJAN-EQ,17547
SUPREMEIND-EQ,3363
MUFTI-EQ,20878
STALLION-EQ,29204
KPIGREEN-EQ,5108
CHENNPETRO-EQ,2049
SENSEXADD-EQ,17613
TIL-EQ,3484
MOALPHA50-EQ,757669
DEEPAKFERT-EQ,827
UMAEXPORTS-EQ,8842
AXISTECETF-EQ,3010
IT-EQ,2627
HINDZINC-EQ,1424
PRECWIRE-EQ,2717
DENTA-EQ,29256
TECILCHEM-EQ,3453
FILATFASH-EQ,23647
BAGFILMS-EQ,11226
RUBICON-EQ,759316
GROWWRAIL-EQ,29527
NTPC-EQ,11630
SUMICHEM-EQ,17105
SSWL-EQ,11829
INCREDIBLE-EQ,17507
BHARATWIRE-EQ,16123
RETAIL-EQ,24145
ESSARSHPNG-EQ,25634
AWHCL-EQ,1797
ADANIPORTS-EQ,15083
POONAWALLA-EQ,11403
21STCENMGM-EQ,4
EXPLEOSOL-EQ,17486
MIDHANI-EQ,2463
LATTEYS-EQ,15840
AIRAN-EQ,9897
ASHIMASYN-EQ,206
POLYMED-EQ,25718
SAPPHIRE-EQ,6718
LIQUIDBEES-EQ,11006
MALUPAPER-EQ,13352
SIL-EQ,11297
ADFFOODS-EQ,19761
ABB-EQ,13
BAJAJCON-EQ,19531
LICNETFGSC-EQ,6062
EXCEL-EQ,17376
BANDHANBNK-EQ,2263
LOTUSDEV-EQ,758145
PRITI-EQ,8304
DCMSHRIRAM-EQ,811
TDPOWERSYS-EQ,25178
STLTECH-EQ,9309
SOLARA-EQ,3672
DANGEE-EQ,1110
HLVLTD-EQ,1448
SARLAPOLY-EQ,14043
RUSHIL-EQ,24595
ORIENTCEM-EQ,30089
GAYAHWS-EQ,3693
SUZLON-EQ,12018
MAXIND-EQ,22428
M&M-EQ,2031
DCXINDIA-EQ,11895
JLHL-EQ,18553
SANGHVIMOV-EQ,14058
FLUOROCHEM-EQ,13750
AKSHAR-EQ,9558
AUROPHARMA-EQ,275
AZAD-EQ,20905
SHK-EQ,11212
KALYANKJIL-EQ,2955
PPL-EQ,10297
MINDTECK-EQ,18049
BLUSPRING-EQ,757520
CRAFTSMAN-EQ,2854
BALAXI-EQ,11309
TREL-EQ,17795
POLICYBZR-EQ,6656
SAKAR-EQ,9539
SWSOLAR-EQ,12489
PAKKA-EQ,17197
BANKINDIA-EQ,4745
KHAITANLTD-EQ,3912
AEROENTER-EQ,12015
HPL-EQ,18679
PVTBANIETF-EQ,11386
NIBE-EQ,29487
IVP-EQ,1681
TARAPUR-EQ,18827
QPOWER-EQ,29711
MASPTOP50-EQ,5782
ASAHIINDIA-EQ,5378
CAMLINFINE-EQ,6216
ABBOTINDIA-EQ,17903
AKSHOPTFBR-EQ,8591
ROTO-EQ,9049
PILANIINVS-EQ,11445
SUNDROP-EQ,1663
RBA-EQ,1494
NKIND-EQ,2439
ALLCARGO-EQ,13501
GROWWSC250-EQ,759522
NV20BEES-EQ,9847
WAAREEENER-EQ,25907
OILIETF-EQ,24533
SWARAJENG-EQ,3384
LOTUSEYE-EQ,16807
GOKUL-EQ,16705
KUANTUM-EQ,13870
UBL-EQ,16713
SAKSOFT-EQ,11794
UFBL-EQ,3127
VBL-EQ,18921
INDIANHUME-EQ,1530
SBIETFQLTY-EQ,7218
KINGFA-EQ,18944
SILVERAG-EQ,16777
WELENT-EQ,11626
BATAINDIA-EQ,371
AEGISVOPAK-EQ,757336
UNIONGOLD-EQ,29687
GAIL-EQ,4717
HEALTHADD-EQ,22592
INDUSINDBK-EQ,5258
PTL-EQ,14101
BFSI-EQ,5220
TOLINS-EQ,25262
SECMARK-EQ,19496
SHARDACROP-EQ,4992
MANBA-EQ,25597
LOKESHMACH-EQ,13436
HINDALCO-EQ,1363
BAJAJ-AUTO-EQ,16669
JYOTICNC-EQ,21334
LANDMARK-EQ,13276
PIDILITIND-EQ,2664
RAJRATAN-EQ,18962
UMIYA-MRO-EQ,8998
PFIZER-EQ,2643
MANAKCOAT-EQ,7413
STYLEBAAZA-EQ,25114
NEXT30ADD-EQ,29464
ABSLAMC-EQ,6018
SHRIRAMFIN-EQ,4306
POLYPLEX-EQ,2687
SBIBPB-EQ,30290
BSLSENETFG-EQ,5957
ELM250-EQ,758952
KNRCON-EQ,15283
AONETMMQ50-EQ,759992
MAHKTECH-EQ,7074
ALLTIME-EQ,758448
HDFCQUAL-EQ,11255
APLAPOLLO-EQ,25780
GOLDTECH-EQ,9874
PARAGMILK-EQ,17130
JUBLCPL-EQ,29590
MOREALTY-EQ,23184
UJJIVANSFB-EQ,15228
GUJALKALI-EQ,1267
SIRCA-EQ,11050
MULTICAP-EQ,25080
ICICIGI-EQ,21770
PVP-EQ,4010
STARCEMENT-EQ,21091
LAURUSLABS-EQ,19234
EUREKAFORB-EQ,25162
GKSL-EQ,761197
PUNJABCHEM-EQ,4344
GLOTTIS-EQ,760116
SANDUMA-EQ,18359
BIRLACORPN-EQ,480
AMJLAND-EQ,2598
MAHABANK-EQ,11377
THELEELA-EQ,757014
UTIAMC-EQ,527
ESCORTS-EQ,958
BAJAJELEC-EQ,15034
SAREGAMA-EQ,4892
DRCSYSTEMS-EQ,2645
ECLERX-EQ,15179
SWANCORP-EQ,27095
AARTISURF-EQ,19233
ELDEHSG-EQ,8953
HARRMALAYA-EQ,1313
CSLFINANCE-EQ,10350
ATGL-EQ,6066
CENTENKA-EQ,619
ARVIND-EQ,193
NDRAUTO-EQ,22255
SPIC-EQ,3252
LGHL-EQ,19876
NEXT50-EQ,17181
AXSENSEX-EQ,14742
MAKEINDIA-EQ,7979
ANTGRAPHIC-EQ,5194
ICDSLTD-EQ,6977
VIKRAMSOLR-EQ,759453
KRIDHANINF-EQ,11480
KARMAENG-EQ,24385
GVPTECH-EQ,10865
MAGADSUGAR-EQ,21392
ORBTEXP-EQ,31475
ZEEL-EQ,3812
SFL-EQ,19184
JAYSREETEA-EQ,1720
MUNJALAU-EQ,13511
MID150-EQ,30469
UGROCAP-EQ,5313
GROWW-EQ,759806
ITETF-EQ,19633
SCI-EQ,3048
JAYKAY-EQ,760073
PARKHOTELS-EQ,22649
THOMASCOTT-EQ,31017
SILVERADD-EQ,10761
ASHOKLEY-EQ,212
NFL-EQ,13925
SALASAR-EQ,21362
ZODIACLOTH-EQ,3821
CSBBANK-EQ,14966
HUBTOWN-EQ,14203
KAMATHOTEL-EQ,1826
EXCELINDUS-EQ,11471
ERIS-EQ,21154
BAYERCROP-EQ,17927
RENUKA-EQ,12026
SUPREME-EQ,29439
TTL-EQ,14314
NACLIND-EQ,20425
BIRLANU-EQ,1455
NEOGEN-EQ,9917
GNFC-EQ,1174
MIDSELIETF-EQ,17702
ACC-EQ,22
MAYURUNIQ-EQ,28906
NESTLEIND-EQ,17963
HARSHA-EQ,11162
OSIAHYPER-EQ,12635
ARFIN-EQ,758700
AETHER-EQ,9810
SHRIRAMPPS-EQ,7200
DPABHUSHAN-EQ,936
AMBUJACEM-EQ,1270
JISLJALEQS-EQ,10397
NELCAST-EQ,14761
DIVIDEND-EQ,760412
PIXTRANS-EQ,9087
DCMFINSERV-EQ,4775
20MICRONS-EQ,16921
JISLDVREQS-EQ,25684
SAFARI-EQ,13035
SURANASOL-EQ,21077
CONSUMER-EQ,28969
ROUTE-EQ,128
TNPETRO-EQ,3509
SIKKO-EQ,6218
KSHINTL-EQ,760433
BLUEJET-EQ,19686
TENNIND-EQ,759880
SUPERSPIN-EQ,3357
EMMVEE-EQ,759728
DEN-EQ,17722
BALPHARMA-EQ,13441
SHALBY-EQ,714
NATIONALUM-EQ,6364
CRAMC-EQ,759311
CEWATER-EQ,28764
MANAKSIA-EQ,15199
SRM-EQ,23402
RAJMET-EQ,2168
GTLINFRA-EQ,13745
MEDICAMEQ-EQ,6278
WEWORK-EQ,759434
SWIGGY-EQ,27066
SPLPETRO-EQ,9617
TATASTEEL-EQ,3499
AONETOTAL-EQ,29975
KANANIIND-EQ,25786
MANAKSTEEL-EQ,7463
ARIHANTSUP-EQ,20159
RACE-EQ,15391
ORKLAINDIA-EQ,759569
KAMDHENU-EQ,13457
GROWWRLTY-EQ,759428
BIRLACABLE-EQ,477
AVL-EQ,25984
HDFCBSE500-EQ,14230
SANSTAR-EQ,24582
VARROC-EQ,3857
V2RETAIL-EQ,14766
TVSMOTOR-EQ,8479
AFIL-EQ,24159
ANTHEM-EQ,757885
ALLDIGI-EQ,11798
ALIVUS-EQ,5265
JAYBARMARU-EQ,1708
JINDALPHOT-EQ,11743
BALMLAWRIE-EQ,338
ASIANTILES-EQ,14889
BELLACASA-EQ,757938
KERNEX-EQ,13121
MEDICO-EQ,9667
MIDWESTLTD-EQ,759517
NETWEB-EQ,17433
NUCLEUS-EQ,10791
DIACABS-EQ,18543
KALPATARU-EQ,758558
3IINFOLTD-EQ,6232
ISGEC-EQ,3329
LODHA-EQ,3220
NIFTYCASE-EQ,759302
COMMOIETF-EQ,13198
BIRLAMONEY-EQ,15239
NEWGEN-EQ,1164
THERMAX-EQ,3475
EFCIL-EQ,758675
ALICON-EQ,13656
SURYAROSNI-EQ,3375
MKPL-EQ,16736
DIGJAMLMTD-EQ,6127
VTL-EQ,2073
SAMHI-EQ,18614
INDUSTOWER-EQ,29135
GANDHAR-EQ,20303
MALLCOM-EQ,7965
FSL-EQ,14304
SBICARD-EQ,17971
GTPL-EQ,21195
GANGAFORGE-EQ,4957
HCL-INSYS-EQ,1327
SETL-EQ,29075
DALMIASUG-EQ,781
ADVAIT-EQ,760657
ELLEN-EQ,758563
MODEFENCE-EQ,24944
KIMS-EQ,4847
TRAVELFOOD-EQ,757545
MENONBE-EQ,6961
MSUMI-EQ,8596
SENCO-EQ,17271
TCPLPACK-EQ,184
BECTORFOOD-EQ,1628
PATANJALI-EQ,17029
OFSS-EQ,10738
MANINFRA-EQ,18226
PRIVISCL-EQ,8825
TINNARUBR-EQ,756020
SHAKTIPUMP-EQ,25574
MASFIN-EQ,199
MONARCH-EQ,7679
SKFINDUS-EQ,760101
RSYSTEMS-EQ,13414
MAWANASUG-EQ,17022
ESSENTIA-EQ,30323
MUKANDLTD-EQ,11325
AONELIQUID-EQ,30472
MATRIMONY-EQ,21726
CROMPTON-EQ,17094
FACT-EQ,1008
AAVAS-EQ,5385
GKENERGY-EQ,759048
3PLAND-EQ,2595
RTNPOWER-EQ,17520
BHEL-EQ,438
GAEL-EQ,8828
SANDHAR-EQ,2397
SAMBHV-EQ,757767
AIAENG-EQ,13086
RESPONIND-EQ,20323
MAPMYINDIA-EQ,7227
XCHANGING-EQ,11705
ROHLTD-EQ,13182
MUTHOOTCAP-EQ,10415
IVC-EQ,6711
DIVGIITTS-EQ,14479
ACL-EQ,15420
JUSTDIAL-EQ,29962
PENIND-EQ,20621
SHIVAMAUTO-EQ,13756
AONENIFTY-EQ,757096
GOLDETF-EQ,14286
CARTRADE-EQ,5407
CDSL-EQ,21174
AEQUS-EQ,760234
ESILVER-EQ,20257
JSWCEMENT-EQ,758460
TIPSMUSIC-EQ,9117
ORCHASP-EQ,29492
STEL-EQ,21484
IVZINNIFTY-EQ,24217
NEXT50ETF-EQ,760709
EBANKNIFTY-EQ,25258
IIFLCAPS-EQ,13072
DRREDDY-EQ,881
NBCC-EQ,31415
PREMIERPOL-EQ,3908
UFLEX-EQ,1053
CORONA-EQ,760254
ASALCBR-EQ,17598
SARDAEN-EQ,17758
QUAL30IETF-EQ,17808
ULTRACEMCO-EQ,11532
MARICO-EQ,4067
BRNL-EQ,21683
MOINFRA-EQ,757031
GROWWLIQID-EQ,25447
MOCAPITAL-EQ,30065
NAM-INDIA-EQ,357
ANURAS-EQ,2829
ORIENTELEC-EQ,2972
DCAL-EQ,21704
MOREPENLAB-EQ,2259
JYOTHYLAB-EQ,15146
AROGRANITE-EQ,14557
ASHIANA-EQ,24403
SANGAMIND-EQ,4184
ABMINTLLTD-EQ,5549
DHANUKA-EQ,24409
SONATSOFTW-EQ,6596
GANGESSECU-EQ,21399
PIRAMALFIN-EQ,759551
TRANSRAILL-EQ,28714
CORDSCABLE-EQ,15271
KRBL-EQ,10577
TAINWALCHM-EQ,3396
ARMANFIN-EQ,17263
DYCL-EQ,10417
BTML-EQ,14150
PARSVNATH-EQ,13791
CGCL-EQ,20329
SML100CASE-EQ,758955
STARPAPER-EQ,3291
ABREL-EQ,625
APOLLOPIPE-EQ,14361
STAR-EQ,7374
JAICORPLTD-EQ,5143
TMB-EQ,10945
ATAM-EQ,15404
IRFC-EQ,2029
GSEC5IETF-EQ,8342
IITL-EQ,19525
KAJARIACER-EQ,1808
CHAMBLFERT-EQ,637
BANKBEES-EQ,11439
ADL-EQ,245
ONWARDTEC-EQ,2481
SHREYANIND-EQ,3126
UNITEDTEA-EQ,17999
GENUSPAPER-EQ,6600
VETO-EQ,8652
UCAL-EQ,3570
LTFOODS-EQ,13816
BLBLIMITED-EQ,8132
KITEX-EQ,28899
MAGNUM-EQ,14957
MOGOLD-EQ,757791
TRANSWORLD-EQ,3129
RRKABEL-EQ,18566
DLF-EQ,14732
MMP-EQ,16395
LICNETFN50-EQ,11319
HYUNDAI-EQ,25844
RAYMOND-EQ,2859
PPLPHARMA-EQ,11571
NOIDATOLL-EQ,10786
GEMAROMA-EQ,759461
CHOICEIN-EQ,8866
SULA-EQ,13218
KPEL-EQ,27079
DIAMINESQ-EQ,18644
SOLARWORLD-EQ,759929
KNAGRI-EQ,760923
GOLD1-EQ,14858
KROSS-EQ,25252
KDDL-EQ,14908
XTGLOBAL-EQ,25235
HDFCPVTBAN-EQ,12108
LAXMICOT-EQ,6568
APOLLO-EQ,1134
SDL26BEES-EQ,3022
WEIZMANIND-EQ,3748
GUJGASLTD-EQ,10599
PNBGILTS-EQ,8736
PANAMAPET-EQ,25392
TATACAP-EQ,759265
BORORENEW-EQ,3149
AGARWALEYE-EQ,29452
VINEETLAB-EQ,3807
HONDAPOWER-EQ,3138
NATHBIOGEN-EQ,11065
RPSGVENT-EQ,8119
BAJAJHLDNG-EQ,305
GODREJCP-EQ,10099
SOBHA-EQ,13826
GLOSTERLTD-EQ,23590
SUBEXLTD-EQ,967
PARAS-EQ,5911
RITCO-EQ,8944
EVEREADY-EQ,11782
ARCHIES-EQ,5688
DEEPINDS-EQ,3292
CNL-EQ,11155
HATSUN-EQ,3892
SURYALAXMI-EQ,11852
BVCL-EQ,15073
GVT&D-EQ,16783
MCLOUD-EQ,29482
APARINDS-EQ,11491
VPRPL-EQ,18341
EMMBI-EQ,18142
YUKEN-EQ,5501
INDNIPPON-EQ,4747
ITIETF-EQ,22365
DYNPRO-EQ,21314
OMINFRAL-EQ,24231
HDBFS-EQ,757772
CRIZAC-EQ,757850
MFML-EQ,24937
CHEMICAL-EQ,759885
AAREYDRUGS-EQ,5245
KAMOPAINTS-EQ,13814
TATATECH-EQ,20293
HSCL-EQ,14334
HDFCMOMENT-EQ,11538
5PAISA-EQ,445
SATIA-EQ,11045
PANACEABIO-EQ,4055
CONCORDBIO-EQ,18060
RAJSREESUG-EQ,2809
DREAMFOLKS-EQ,10859
CYIENTDLM-EQ,17187
GODFRYPHLP-EQ,1181
BRIGHOTEL-EQ,757794
JINDALSTEL-EQ,6733
PRUDMOULI-EQ,20527
RAMKY-EQ,20134
NAGREEKEXP-EQ,14702
ACCURACY-EQ,1465
MADHAV-EQ,15151
NITIRAJ-EQ,3247
BALUFORGE-EQ,23607
RADHIKAJWE-EQ,10343
MRF-EQ,2277
SMALLCAP-EQ,22832
SBC-EQ,6792
SKMEGGPROD-EQ,4732
SOMANYCERA-EQ,3880
KECL-EQ,18220
ARE&M-EQ,100
AFFORDABLE-EQ,25855
GFLLIMITED-EQ,1289
BALAJITELE-EQ,9158
FIRSTCRY-EQ,24814
LAXMIINDIA-EQ,758863
SAGILITY-EQ,27052
MONQ50-EQ,7422
NH-EQ,11840
RALLIS-EQ,2816
VIJIFIN-EQ,17691
HDFCLOWVOL-EQ,11547
TEXINFRA-EQ,11549
PSUBNKBEES-EQ,15032
MOTISONS-EQ,20788
SVLL-EQ,15121
BHARATFORG-EQ,422
MID150BEES-EQ,8506
IFGLEXPOR-EQ,436
BAJEL-EQ,20531
AUTOAXLES-EQ,278
DOLPHIN-EQ,18139
VSTIND-EQ,3724
MONIFTY500-EQ,19237
TEJASNET-EQ,21131
GNA-EQ,18571
PLATIND-EQ,22930
TIINDIA-EQ,312
PRAJIND-EQ,2705
SUMEETINDS-EQ,20790
JUNIPER-EQ,22824
ASAHISONG-EQ,25088
HMAAGRO-EQ,17053
FINEORG-EQ,3744
SASKEN-EQ,11983
TGBHOTELS-EQ,14607
MOHEALTH-EQ,10508
MODIRUBBER-EQ,2229
INVENTURE-EQ,24870
TVSSCS-EQ,18151
FORCEMOT-EQ,11573
INOXWIND-EQ,7852
ADVANIHOTR-EQ,14745
DOMS-EQ,20551
NEPHROPLUS-EQ,760346
MMTC-EQ,17957
TFCILTD-EQ,3466
ATLASCYCLE-EQ,4568
ENRIN-EQ,756871
INFY-EQ,1594
SHRINGARMS-EQ,759093
VIVIDHA-EQ,29877
BHARTIHEXA-EQ,23489
CARYSIL-EQ,1879
RADAAN-EQ,10932
MANAPPURAM-EQ,19061
DELTAMAGNT-EQ,1214
SIGNATURE-EQ,18743
MODINATUR-EQ,760277
GICHSGFIN-EQ,1139
SURAJEST-EQ,20822
ABINFRA-EQ,27020
IIFL-EQ,11809
AURIONPRO-EQ,12022
MONEYBOXX-EQ,759381
PICCADIL-EQ,757754
CESC-EQ,628
LIQUID-EQ,17572
SHAH-EQ,20296
ALEMBICLTD-EQ,79
GALLANTT-EQ,13337
LYKALABS-EQ,2028
NGIL-EQ,5401
DOLLAR-EQ,20560
ELGIRUBCO-EQ,24924
STARHEALTH-EQ,7083
GTECJAINX-EQ,1129
VIKASECO-EQ,25756
BHAGCHEM-EQ,6164
BALKRISHNA-EQ,10181
HDFCSILVER-EQ,10876
MEDANTA-EQ,11956
SBCL-EQ,4656
HAPPSTMNDS-EQ,48
BANARISUG-EQ,350
MBAPL-EQ,12686
SILVERBEES-EQ,8080
EQUAL200-EQ,30121
PAISALO-EQ,25468
CANBK-EQ,10794
JAMNAAUTO-EQ,20778
SIMPLEXINF-EQ,3162
CIPLA-EQ,694
MIDSMALL-EQ,23855
SATIN-EQ,10453
FIEMIND-EQ,13710
SETFNIF50-EQ,10176
RUCHIRA-EQ,13821
JIOFIN-EQ,18143
VMM-EQ,27969
MSTCLTD-EQ,9356
SOMICONVEY-EQ,17794
EUROBOND-EQ,757953
UNIINFO-EQ,7791
MAHESHWARI-EQ,9576
TATVA-EQ,5162
IDBI-EQ,1476
BCONCEPTS-EQ,7780
BHARTIARTL-EQ,10604
MEDPLUS-EQ,7254
WIPRO-EQ,3787
BEL-EQ,383
CYBERMEDIA-EQ,11842
BANSWRAS-EQ,14511
BODALCHEM-EQ,25017
HDFCMID150-EQ,14236
ITCHOTELS-EQ,29251
SDBL-EQ,1338
REGENCERAM-EQ,4130
GSS-EQ,15347
MFSL-EQ,2142
BERGEPAINT-EQ,404
ADVENTHTL-EQ,759769
MODTHREAD-EQ,2241
RITES-EQ,3761
HDFCBANK-EQ,1333
GROBTEA-EQ,17770
PREMIERENE-EQ,25049
TRIGYN-EQ,5428
AADHARHFC-EQ,23729
AMDIND-EQ,14398
GVPIL-EQ,7862
TATACONSUM-EQ,3432
ARROWGREEN-EQ,9260
PINELABS-EQ,759820
USK-EQ,14871
KOTARISUG-EQ,11647
ARTEMISMED-EQ,16913
GSPL-EQ,13197
DECCANCE-EQ,14838
KHAICHEM-EQ,896
SBIN-EQ,3045
TARC-EQ,1581
CELLO-EQ,19795
GOKULAGRO-EQ,14480
BSOFT-EQ,6994
FORTIS-EQ,14592
SMALL250-EQ,759814
STANLEY-EQ,24226
MOKSH-EQ,3586
KKCL-EQ,13381
KOPRAN-EQ,1919
VINCOFE-EQ,25835
ICICIBANK-EQ,4963
PERSISTENT-EQ,18365
FEDERALBNK-EQ,1023
SRGHFL-EQ,18119
JASH-EQ,13982
CONS-EQ,10512
63MOONS-EQ,11868
IDFNIFTYET-EQ,18783
VIYASH-EQ,14296
UNIDT-EQ,201
ELIN-EQ,13423
BLAL-EQ,15067
NDLVENTURE-EQ,14547
RKEC-EQ,1547
INDHOTEL-EQ,1512
AIIL-EQ,23553
IEX-EQ,220
VSTTILLERS-EQ,24292
DATAPATTNS-EQ,7358
ASIANPAINT-EQ,236
CGPOWER-EQ,760
IGARASHI-EQ,634
SINTERCOM-EQ,381
GOODLUCK-EQ,6125
IDEAFORGE-EQ,17140
PRIMO-EQ,756925
UTKARSHBNK-EQ,17358
BELRISE-EQ,757102
INDOTECH-EQ,13275
IGIL-EQ,28378
DONEAR-EQ,13839
MUKKA-EQ,22980
MIDCAPETF-EQ,8413
HDFCGOLD-EQ,19543
MARKOLINES-EQ,760204
MONEXT50-EQ,757167
INTERNET-EQ,758595
HONASA-EQ,19813
NEULANDLAB-EQ,2406
CYIENT-EQ,5748
ICICIAMC-EQ,760407
ENIFTY-EQ,759998
EPL-EQ,981
SCHAND-EQ,20698
SAATVIKGL-EQ,759057
SENSEXBETA-EQ,10515
VMSTMT-EQ,759152
REPRO-EQ,13126
HGINFRA-EQ,1672
KIRLOSIND-EQ,19025
HEADSUP-EQ,19205
LOWVOL1-EQ,8632
SHREEJISPG-EQ,759448
GROWWNIFTY-EQ,758697
NIFTY100EW-EQ,29944
GANESHHOU-EQ,14339
TOP20-EQ,760415
BOSCHLTD-EQ,2181
VAISHALI-EQ,16589
NIFTYBETA-EQ,10511
KSCL-EQ,14972
MARKSANS-EQ,10579
FOSECOIND-EQ,1073
JINDALPOLY-EQ,1756
GODIGIT-EQ,23799
VIJAYA-EQ,5585
HISARMETAL-EQ,19322
PIONEEREMB-EQ,13463
FLEXITUFF-EQ,25512
SIS-EQ,21501
LTIM-EQ,17818
EMULTIMQ-EQ,25996
HILINFRA-EQ,759103
SINDHUTRAD-EQ,16859
PIGL-EQ,15716
FINIETF-EQ,12578
LOWVOLIETF-EQ,21254
INDOFARM-EQ,29025
POKARNA-EQ,17651
ICEMAKE-EQ,489
THYROCARE-EQ,17032
CUPID-EQ,18520
HEROMOTOCO-EQ,1348
KEEPLEARN-EQ,778
MANCREDIT-EQ,24823
PTC-EQ,11355
LIQUIDSBI-EQ,19705
HCG-EQ,15555
ELECON-EQ,13643
JAIBALAJI-EQ,11256
BLSE-EQ,22566
ANIKINDS-EQ,16657
WELCORP-EQ,11821
SHYAMTEL-EQ,13740
FDC-EQ,4898
AVALON-EQ,15058
SEPC-EQ,15308
AMANTA-EQ,758909
UTTAMSUGAR-EQ,13376
PNGJL-EQ,25312
GILT5YBEES-EQ,3172
ROML-EQ,359
ESABINDIA-EQ,955
EVERESTIND-EQ,993
JPPOWER-EQ,11763
DELTACORP-EQ,15044
JSWINFRA-EQ,19020
NAVINFLUOR-EQ,14672
KRISHIVAL-EQ,756782
INNOVANA-EQ,27754
MOVALUE-EQ,10825
ZEEMEDIA-EQ,14003
PRSMJOHNSN-EQ,2739
GILT5BETA-EQ,22521
OLECTRA-EQ,10637
NEXT50BETA-EQ,21478
WEALTH-EQ,1923
BEDMUTHA-EQ,20196
HOMEFIRST-EQ,2056
HDFCSENSEX-EQ,11593
FCSSOFT-EQ,11999
SOUTHBANK-EQ,5948
MEIL-EQ,758748
PGHH-EQ,2535
IOC-EQ,1624
ZUARIIND-EQ,3827
JKIL-EQ,15266
ABLBL-EQ,756843
ACEINTEG-EQ,11779
ARISINFRA-EQ,757614
LIQUIDCASE-EQ,21750
HECPROJECT-EQ,7425
ITADD-EQ,17207
ECAPINSURE-EQ,29019
EXCELSOFT-EQ,760007
ETERNAL-EQ,5097
LOVABLE-EQ,22415
GRASIM-EQ,1232
SANGINITA-EQ,11032
IREDA-EQ,20261
SHOPERSTOP-EQ,11813
HNDFDS-EQ,12173
NEXT50ADD-EQ,760599
JKCEMENT-EQ,13270
RHETAN-EQ,759062
CUBEXTUB-EQ,4064
SUNDRMFAST-EQ,3345
GUFICBIO-EQ,11606
3MINDIA-EQ,474
IDEA-EQ,14366
GILLANDERS-EQ,17839
BLUESTARCO-EQ,8311
QUALITY30-EQ,757946
AXISCADES-EQ,9436
TTKPRESTIG-EQ,3546
QUICKHEAL-EQ,13116
HDFCSML250-EQ,14233
DPSCLTD-EQ,15419
VIRINCHI-EQ,15295
INDGN-EQ,23693
DHARMAJ-EQ,13001
DIFFNKG-EQ,25672
TEAMLEASE-EQ,12716
KELLTONTEC-EQ,13430
INTELLECT-EQ,5926
NAHARCAP-EQ,15360
FLEXIADD-EQ,759368
AVTNPL-EQ,14008
JSFB-EQ,22663
HDFCVALUE-EQ,11260
PRECAM-EQ,12603
HMVL-EQ,19211
VAL30IETF-EQ,25851
MOLDTKPAC-EQ,6713
SSDL-EQ,24856
ONEPOINT-EQ,9939
TECH-EQ,6462
BIGBLOC-EQ,18431
NIFTYQLITY-EQ,10690
DBREALTY-EQ,18124
DIGISPICE-EQ,16683
SHEKHAWATI-EQ,21095
SHARIABEES-EQ,17044
JNKINDIA-EQ,23621
BASF-EQ,368
SRHHYPOLTD-EQ,14582
LUMAXIND-EQ,2018
LATENTVIEW-EQ,6818
FISCHER-EQ,757658
CARRARO-EQ,28879
POCL-EQ,14385
SBILIQETF-EQ,758496
GPIL-EQ,13409
BALRAMCHIN-EQ,341
JKPAPER-EQ,11860
HUHTAMAKI-EQ,2562
GMBREW-EQ,1168
ASTRAMICRO-EQ,11618
VERTOZ-EQ,18863
CCHHL-EQ,6385
VIMTALABS-EQ,13101
GROWWCAPM-EQ,760051
ZUARI-EQ,29050
MSCIADD-EQ,759978
SHARDAMOTR-EQ,10530
NAHARINDUS-EQ,13106
TEXMOPIPES-EQ,18214
KARURVYSYA-EQ,1838
SMARTLINK-EQ,9889
ALBERTDAVD-EQ,17256
WAAREERTL-EQ,756038
CAPTRUST-EQ,19447
TOP15IETF-EQ,757781
MCLEODRUSS-EQ,11943
PATELRMART-EQ,759439
DIVOPPBEES-EQ,2636
GLOBALVECT-EQ,13735
RVHL-EQ,1565
AFCONS-EQ,25977
GROWWDEFNC-EQ,25758
BMWVENTLTD-EQ,759256
MANALIPETC-EQ,13796
ATULAUTO-EQ,30023
RHL-EQ,15157
RAILTEL-EQ,2431
MOSCHIP-EQ,29459
ALANKIT-EQ,9921
DMART-EQ,19913
MITTAL-EQ,18562
HINDOILEXP-EQ,1403
DIXON-EQ,21690
VIKRAN-EQ,758973
AXISILVER-EQ,11193
KOLTEPATIL-EQ,15124
PGEL-EQ,25358
GICRE-EQ,277
DBOL-EQ,10893
NIF100IETF-EQ,30392
GULFOILLUB-EQ,4391
TRENT-EQ,1964
REDTAPE-EQ,17859
TITAGARH-EQ,15414
AMBICAAGAR-EQ,11496
CPSEETF-EQ,2328
SMLT-EQ,6843
DAMCAPITAL-EQ,28662
ALPHAGEO-EQ,14597
ABDL-EQ,24308
SUPERHOUSE-EQ,20616
FABTECH-EQ,760125
MODIS-EQ,759752
YASHO-EQ,18131
INFRABEES-EQ,20072
SIGMA-EQ,16658
TRUALT-EQ,759210
PATELENG-EQ,11699
CONCOR-EQ,4749
DICIND-EQ,703
KRYSTAL-EQ,23175
XPROINDIA-EQ,11407
APCL-EQ,20453
HINDCOMPOS-EQ,1372
WHEELS-EQ,3766
DTIL-EQ,6227
ADANIENSOL-EQ,10217
INFOBEAN-EQ,11027
BPL-EQ,530
BBOX-EQ,3435
SHANKARA-EQ,20321
NOVAAGRI-EQ,22477
PTCIL-EQ,16682
GANESHBE-EQ,5614
NIPPOBATRY-EQ,6782
INDIGO-EQ,11195
SUDEEPPHRM-EQ,760039
INDIQUBE-EQ,757845
NAVA-EQ,4014
HTMEDIA-EQ,11979
CORALFINAC-EQ,4007
VINATIORGA-EQ,17364
ROSSELLIND-EQ,28913
ETHOSLTD-EQ,9750
TWCGOLDETF-EQ,760482
NARMADA-EQ,11627
CLSEL-EQ,3482
LYPSAGEMS-EQ,31468
AEGISLOG-EQ,40
LICI-EQ,9480
SURAJLTD-EQ,24966
CPPLUS-EQ,758858
INDIANCARD-EQ,4422
YATHARTH-EQ,17738
TTKHLTCARE-EQ,11369
MANUFGBEES-EQ,758667
VIKASLIFE-EQ,9931
KAYA-EQ,10276
RIIL-EQ,2912
SPORTKING-EQ,10733
MUNJALSHOW-EQ,2307
MOM100-EQ,21423
CHOICEGOLD-EQ,759610
NSIL-EQ,11239
ROLEXRINGS-EQ,5279
MBEL-EQ,758150
TARMAT-EQ,14771
MANGLMCEM-EQ,2106
FINKURVE-EQ,759239
MIDCAPADD-EQ,760356
PFOCUS-EQ,13496
BSL-EQ,559
SIYSIL-EQ,14096
PILITA-EQ,30835
UGARSUGAR-EQ,19578
VRAJ-EQ,24321
MOENERGY-EQ,759374
RKSWAMY-EQ,23043
SONAMLTD-EQ,8806
HIMATSEIDE-EQ,1360
ZIMLAB-EQ,12384
BFINVEST-EQ,21113
RUBYMILLS-EQ,2939
ASTRAZEN-EQ,5610
INDIASHLTR-EQ,20556
ACE-EQ,13587
AXISCETF-EQ,5732
MOBIKWIK-EQ,28046
CRISIL-EQ,757
NOCIL-EQ,2442
KALYANIFRG-EQ,15156
SNXT50BETA-EQ,9168
THEJO-EQ,19279
