symbol,company_name
20MICRONS,20MICRONS
21STCENMGM,21STCENMGM
360ONE,360ONE
3IINFOLTD,3IINFOLTD
3MINDIA,3MINDIA
3PLAND,3PLAND
5PAISA,5PAISA
63MOONS,63MOONS
A2ZINFRA,A2ZINFRA
AADHARHFC,AADHARHFC
AAKASH,AAKASH
AAREYDRUGS,AAREYDRUGS
AARON,AARON
AARTECH,AARTECH
AARTIDRUGS,AARTIDRUGS
AARTIIND,AARTIIND
AARTIPHARM,AARTIPHARM
AARTISURF,AARTISURF
AARVI,AARVI
AAVAS,AAVAS
ABB,ABB
ABBOTINDIA,ABBOTINDIA
ABCAPITAL,ABCAPITAL
ABCOTS,ABCOTS
ABDL,ABDL
ABFRL,ABFRL
ABGSEC,ABGSEC
ABINFRA,ABINFRA
ABLBL,ABLBL
ABMINTLLTD,ABMINTLLTD
ABREL,ABREL
ABSLAMC,ABSLAMC
ABSLBANETF,ABSLBANETF
ABSLLIQUID,ABSLLIQUID
ABSLNN50ET,ABSLNN50ET
ABSLPSE,ABSLPSE
ACC,ACC
ACCELYA,ACCELYA
ACCURACY,ACCURACY
ACE,ACE
ACEINTEG,ACEINTEG
ACI,ACI
ACL,ACL
ACMESOLAR,ACMESOLAR
ACUTAAS,ACUTAAS
ADANIENSOL,ADANIENSOL
ADANIENT,ADANIENT
ADANIGREEN,ADANIGREEN
ADANIPORTS,ADANIPORTS
ADANIPOWER,ADANIPOWER
ADFFOODS,ADFFOODS
ADL,ADL
ADOR,ADOR
ADROITINFO,ADROITINFO
ADSL,ADSL
ADVAIT,ADVAIT
ADVANCE,ADVANCE
ADVANIHOTR,ADVANIHOTR
ADVENTHTL,ADVENTHTL
ADVENZYMES,ADVENZYMES
AEGISLOG,AEGISLOG
AEGISVOPAK,AEGISVOPAK
AEQUS,AEQUS
AEROENTER,AEROENTER
AEROFLEX,AEROFLEX
AERONEU,AERONEU
AETHER,AETHER
AFCONS,AFCONS
AFFLE,AFFLE
AFFORDABLE,AFFORDABLE
AFIL,AFIL
AFSL,AFSL
AGARIND,AGARIND
AGARWALEYE,AGARWALEYE
AGI,AGI
AGIIL,AGIIL
AGROPHOS,AGROPHOS
AHCL,AHCL
AHLADA,AHLADA
AHLEAST,AHLEAST
AHLUCONT,AHLUCONT
AIAENG,AIAENG
AIIL,AIIL
AIRAN,AIRAN
AIROLAM,AIROLAM
AJANTPHARM,AJANTPHARM
AJAXENGG,AJAXENGG
AJMERA,AJMERA
AJOONI,AJOONI
AKASH,AKASH
AKG,AKG
AKI,AKI
AKSHAR,AKSHAR
AKSHARCHEM,AKSHARCHEM
AKSHOPTFBR,AKSHOPTFBR
AKUMS,AKUMS
AKZOINDIA,AKZOINDIA
ALANKIT,ALANKIT
ALBERTDAVD,ALBERTDAVD
ALEMBICLTD,ALEMBICLTD
ALGOQUANT,ALGOQUANT
ALICON,ALICON
ALIVUS,ALIVUS
ALKALI,ALKALI
ALKEM,ALKEM
ALKYLAMINE,ALKYLAMINE
ALLCARGO,ALLCARGO
ALLDIGI,ALLDIGI
ALLTIME,ALLTIME
ALMONDZ,ALMONDZ
ALOKINDS,ALOKINDS
ALPA,ALPA
ALPHA,ALPHA
ALPHAETF,ALPHAETF
ALPHAGEO,ALPHAGEO
ALPL30IETF,ALPL30IETF
AMAGI,AMAGI
AMANTA,AMANTA
AMBER,AMBER
AMBICAAGAR,AMBICAAGAR
AMBIKCO,AMBIKCO
AMBUJACEM,AMBUJACEM
AMDIND,AMDIND
AMJLAND,AMJLAND
AMNPLST,AMNPLST
AMRUTANJAN,AMRUTANJAN
ANANDRATHI,ANANDRATHI
ANANTRAJ,ANANTRAJ
ANDHRAPAP,ANDHRAPAP
ANDHRSUGAR,ANDHRSUGAR
ANGELONE,ANGELONE
ANIKINDS,ANIKINDS
ANMOL,ANMOL
ANTELOPUS,ANTELOPUS
ANTGRAPHIC,ANTGRAPHIC
ANTHEM,ANTHEM
ANUHPHR,ANUHPHR
ANUP,ANUP
ANURAS,ANURAS
AONEGOLD,AONEGOLD
AONELIQUID,AONELIQUID
AONENIFTY,AONENIFTY
AONETMMQ50,AONETMMQ50
AONETOTAL,AONETOTAL
APARINDS,APARINDS
APCL,APCL
APCOTEXIND,APCOTEXIND
APEX,APEX
APLAPOLLO,APLAPOLLO
APLLTD,APLLTD
APOLLO,APOLLO
APOLLOHOSP,APOLLOHOSP
APOLLOPIPE,APOLLOPIPE
APOLLOTYRE,APOLLOTYRE
APOLSINHOT,APOLSINHOT
APTECHT,APTECHT
APTUS,APTUS
ARCHIDPLY,ARCHIDPLY
ARCHIES,ARCHIES
ARE&M,ARE&M
ARENTERP,ARENTERP
ARFIN,ARFIN
ARIES,ARIES
ARIHANTCAP,ARIHANTCAP
ARIHANTSUP,ARIHANTSUP
ARISINFRA,ARISINFRA
ARKADE,ARKADE
ARMANFIN,ARMANFIN
AROGRANITE,AROGRANITE
ARROWGREEN,ARROWGREEN
ARSSBL,ARSSBL
ARTEMISMED,ARTEMISMED
ARTNIRMAN,ARTNIRMAN
ARVIND,ARVIND
ARVINDFASN,ARVINDFASN
ARVSMART,ARVSMART
ASAHIINDIA,ASAHIINDIA
ASAHISONG,ASAHISONG
ASAL,ASAL
ASALCBR,ASALCBR
ASHAPURMIN,ASHAPURMIN
ASHIANA,ASHIANA
ASHIMASYN,ASHIMASYN
ASHOKA,ASHOKA
ASHOKAMET,ASHOKAMET
ASHOKLEY,ASHOKLEY
ASIANENE,ASIANENE
ASIANHOTNR,ASIANHOTNR
ASIANPAINT,ASIANPAINT
ASIANTILES,ASIANTILES
ASKAUTOLTD,ASKAUTOLTD
ASMS,ASMS
ASPINWALL,ASPINWALL
ASTEC,ASTEC
ASTERDM,ASTERDM
ASTRAL,ASTRAL
ASTRAMICRO,ASTRAMICRO
ASTRAZEN,ASTRAZEN
ASTRON,ASTRON
ATALREAL,ATALREAL
ATAM,ATAM
ATGL,ATGL
ATHERENERG,ATHERENERG
ATL,ATL
ATLANTAA,ATLANTAA
ATLANTAELE,ATLANTAELE
ATLASCYCLE,ATLASCYCLE
ATUL,ATUL
ATULAUTO,ATULAUTO
AUBANK,AUBANK
AURIONPRO,AURIONPRO
AUROPHARMA,AUROPHARMA
AURUM,AURUM
AUTOAXLES,AUTOAXLES
AUTOBEES,AUTOBEES
AUTOIETF,AUTOIETF
AUTOIND,AUTOIND
AVADHSUGAR,AVADHSUGAR
AVALON,AVALON
AVANTEL,AVANTEL
AVANTIFEED,AVANTIFEED
AVG,AVG
AVL,AVL
AVONMORE,AVONMORE
AVTNPL,AVTNPL
AWFIS,AWFIS
AWHCL,AWHCL
AWL,AWL
AXISBANK,AXISBANK
AXISBNKETF,AXISBNKETF
AXISBPSETF,AXISBPSETF
AXISCADES,AXISCADES
AXISCETF,AXISCETF
AXISGOLD,AXISGOLD
AXISHCETF,AXISHCETF
AXISILVER,AXISILVER
AXISNIFTY,AXISNIFTY
AXISTECETF,AXISTECETF
AXISVALUE,AXISVALUE
AXSENSEX,AXSENSEX
AYMSYNTEX,AYMSYNTEX
AZAD,AZAD
BAGFILMS,BAGFILMS
BAIDFIN,BAIDFIN
BAJAJ-AUTO,BAJAJ-AUTO
BAJAJCON,BAJAJCON
BAJAJELEC,BAJAJELEC
BAJAJFINSV,BAJAJFINSV
BAJAJHCARE,BAJAJHCARE
BAJAJHFL,BAJAJHFL
BAJAJHIND,BAJAJHIND
BAJAJHLDNG,BAJAJHLDNG
BAJAJINDEF,BAJAJINDEF
BAJEL,BAJEL
BAJFINANCE,BAJFINANCE
BALAJEE,BALAJEE
BALAJITELE,BALAJITELE
BALAMINES,BALAMINES
BALAXI,BALAXI
BALKRISHNA,BALKRISHNA
BALKRISIND,BALKRISIND
BALMLAWRIE,BALMLAWRIE
BALPHARMA,BALPHARMA
BALRAMCHIN,BALRAMCHIN
BALUFORGE,BALUFORGE
BANARBEADS,BANARBEADS
BANARISUG,BANARISUG
BANCOINDIA,BANCOINDIA
BANDHANBNK,BANDHANBNK
BANG,BANG
BANKA,BANKA
BANKADD,BANKADD
BANKBARODA,BANKBARODA
BANKBEES,BANKBEES
BANKBETA,BANKBETA
BANKBETF,BANKBETF
BANKETF,BANKETF
BANKIETF,BANKIETF
BANKINDIA,BANKINDIA
BANKNIFTY1,BANKNIFTY1
BANKPSU,BANKPSU
BANSALWIRE,BANSALWIRE
BANSWRAS,BANSWRAS
BASF,BASF
BASML,BASML
BATAINDIA,BATAINDIA
BAYERCROP,BAYERCROP
BBETF0432,BBETF0432
BBL,BBL
BBNPNBETF,BBNPNBETF
BBNPPGOLD,BBNPPGOLD
BBOX,BBOX
BBTC,BBTC
BBTCL,BBTCL
BCG,BCG
BCLIND,BCLIND
BCONCEPTS,BCONCEPTS
BDL,BDL
BEARDSELL,BEARDSELL
BECTORFOOD,BECTORFOOD
BEDMUTHA,BEDMUTHA
BEL,BEL
BELLACASA,BELLACASA
BELRISE,BELRISE
BEML,BEML
BEPL,BEPL
BERGEPAINT,BERGEPAINT
BETA,BETA
BFINVEST,BFINVEST
BFSI,BFSI
BGRENERGY,BGRENERGY
BHAGCHEM,BHAGCHEM
BHAGERIA,BHAGERIA
BHANDARI,BHANDARI
BHARATCOAL,BHARATCOAL
BHARATFORG,BHARATFORG
BHARATGEAR,BHARATGEAR
BHARATRAS,BHARATRAS
BHARATSE,BHARATSE
BHARATWIRE,BHARATWIRE
BHARTIARTL,BHARTIARTL
BHARTIHEXA,BHARTIHEXA
BHEL,BHEL
BIGBLOC,BIGBLOC
BIKAJI,BIKAJI
BIL,BIL
BIOCON,BIOCON
BIOFILCHEM,BIOFILCHEM
BIRLACABLE,BIRLACABLE
BIRLACORPN,BIRLACORPN
BIRLAMONEY,BIRLAMONEY
BIRLANU,BIRLANU
BLACKBUCK,BLACKBUCK
BLAL,BLAL
BLBLIMITED,BLBLIMITED
BLISSGVS,BLISSGVS
BLKASHYAP,BLKASHYAP
BLS,BLS
BLSE,BLSE
BLUECOAST,BLUECOAST
BLUEDART,BLUEDART
BLUEJET,BLUEJET
BLUESTARCO,BLUESTARCO
BLUESTONE,BLUESTONE
BLUSPRING,BLUSPRING
BMWVENTLTD,BMWVENTLTD
BODALCHEM,BODALCHEM
BOHRAIND,BOHRAIND
BOMDYEING,BOMDYEING
BOROLTD,BOROLTD
BORORENEW,BORORENEW
BOROSCI,BOROSCI
BOSCH-HCIL,BOSCH-HCIL
BOSCHLTD,BOSCHLTD
BPCL,BPCL
BPL,BPL
BRIGADE,BRIGADE
BRIGHOTEL,BRIGHOTEL
BRITANNIA,BRITANNIA
BRNL,BRNL
BROOKS,BROOKS
BSE,BSE
BSE500IETF,BSE500IETF
BSHSL,BSHSL
BSL,BSL
BSLGOLDETF,BSLGOLDETF
BSLNIFTY,BSLNIFTY
BSLSENETFG,BSLSENETFG
BSOFT,BSOFT
BTML,BTML
BUILDPRO,BUILDPRO
BUTTERFLY,BUTTERFLY
BVCL,BVCL
BYKE,BYKE
CALSOFT,CALSOFT
CAMLINFINE,CAMLINFINE
CAMPUS,CAMPUS
CAMS,CAMS
CANBK,CANBK
CANFINHOME,CANFINHOME
CANHLIFE,CANHLIFE
CANTABIL,CANTABIL
CAPACITE,CAPACITE
CAPILLARY,CAPILLARY
CAPITALSFB,CAPITALSFB
CAPLIPOINT,CAPLIPOINT
CAPTRUST,CAPTRUST
CARBORUNIV,CARBORUNIV
CARERATING,CARERATING
CARRARO,CARRARO
CARTRADE,CARTRADE
CARYSIL,CARYSIL
CASHIETF,CASHIETF
CASTROLIND,CASTROLIND
CCHHL,CCHHL
CCL,CCL
CDSL,CDSL
CEATLTD,CEATLTD
CEIGALL,CEIGALL
CELEBRITY,CELEBRITY
CELLO,CELLO
CEMPRO,CEMPRO
CENTENKA,CENTENKA
CENTEXT,CENTEXT
CENTRALBK,CENTRALBK
CENTRUM,CENTRUM
CENTUM,CENTUM
CENTURYPLY,CENTURYPLY
CERA,CERA
CESC,CESC
CEWATER,CEWATER
CGCL,CGCL
CGPOWER,CGPOWER
CHALET,CHALET
CHAMBLFERT,CHAMBLFERT
CHEMBOND,CHEMBOND
CHEMBONDCH,CHEMBONDCH
CHEMCON,CHEMCON
CHEMFAB,CHEMFAB
CHEMICAL,CHEMICAL
CHEMPLASTS,CHEMPLASTS
CHENNPETRO,CHENNPETRO
CHEVIOT,CHEVIOT
CHOICEGOLD,CHOICEGOLD
CHOICEIN,CHOICEIN
CHOLAFIN,CHOLAFIN
CHOLAHLDNG,CHOLAHLDNG
CIEINDIA,CIEINDIA
CIFL,CIFL
CIGNITITEC,CIGNITITEC
CINELINE,CINELINE
CINEVISTA,CINEVISTA
CIPLA,CIPLA
CLEAN,CLEAN
CLEDUCATE,CLEDUCATE
CLSEL,CLSEL
CMSINFO,CMSINFO
CNL,CNL
COALINDIA,COALINDIA
COCHINSHIP,COCHINSHIP
COFFEEDAY,COFFEEDAY
COFORGE,COFORGE
COHANCE,COHANCE
COLPAL,COLPAL
COMMOIETF,COMMOIETF
COMPUSOFT,COMPUSOFT
CONCOR,CONCOR
CONCORDBIO,CONCORDBIO
CONFIPET,CONFIPET
CONS,CONS
CONSOFINVT,CONSOFINVT
CONSUMBEES,CONSUMBEES
CONSUMER,CONSUMER
CONSUMIETF,CONSUMIETF
CONTROLPR,CONTROLPR
CORALFINAC,CORALFINAC
CORDSCABLE,CORDSCABLE
COROMANDEL,COROMANDEL
CORONA,CORONA
COSMOFIRST,COSMOFIRST
COUNCODOS,COUNCODOS
CPCAP,CPCAP
CPEDU,CPEDU
CPPLUS,CPPLUS
CPSEETF,CPSEETF
CRAFTSMAN,CRAFTSMAN
CRAMC,CRAMC
CREATIVEYE,CREATIVEYE
CREDITACC,CREDITACC
CREST,CREST
CRISIL,CRISIL
CRIZAC,CRIZAC
CROMPTON,CROMPTON
CROWN,CROWN
CSBBANK,CSBBANK
CSLFINANCE,CSLFINANCE
CTE,CTE
CUB,CUB
CUBEXTUB,CUBEXTUB
CUMMINSIND,CUMMINSIND
CUPID,CUPID
CYBERMEDIA,CYBERMEDIA
CYBERTECH,CYBERTECH
CYIENT,CYIENT
CYIENTDLM,CYIENTDLM
DABUR,DABUR
DALBHARAT,DALBHARAT
DALMIASUG,DALMIASUG
DAMCAPITAL,DAMCAPITAL
DAMODARIND,DAMODARIND
DANGEE,DANGEE
DATAMATICS,DATAMATICS
DATAPATTNS,DATAPATTNS
DAVANGERE,DAVANGERE
DBCORP,DBCORP
DBEIL,DBEIL
DBL,DBL
DBOL,DBOL
DBREALTY,DBREALTY
DBSTOCKBRO,DBSTOCKBRO
DCAL,DCAL
DCBBANK,DCBBANK
DCI,DCI
DCM,DCM
DCMFINSERV,DCMFINSERV
DCMNVL,DCMNVL
DCMSHRIRAM,DCMSHRIRAM
DCMSRIND,DCMSRIND
DCW,DCW
DCXINDIA,DCXINDIA
DDEVPLSTIK,DDEVPLSTIK
DECCANCE,DECCANCE
DEEDEV,DEEDEV
DEEPAKFERT,DEEPAKFERT
DEEPAKNTR,DEEPAKNTR
DEEPINDS,DEEPINDS
DELHIVERY,DELHIVERY
DELPHIFX,DELPHIFX
DELTACORP,DELTACORP
DELTAMAGNT,DELTAMAGNT
DEN,DEN
DENORA,DENORA
DENTA,DENTA
DEVIT,DEVIT
DEVX,DEVX
DEVYANI,DEVYANI
DGCONTENT,DGCONTENT
DHAMPURSUG,DHAMPURSUG
DHANBANK,DHANBANK
DHANUKA,DHANUKA
DHARMAJ,DHARMAJ
DHRUV,DHRUV
DHUNINV,DHUNINV
DIACABS,DIACABS
DIAMINESQ,DIAMINESQ
DIAMONDYD,DIAMONDYD
DICIND,DICIND
DIFFNKG,DIFFNKG
DIGIDRIVE,DIGIDRIVE
DIGISPICE,DIGISPICE
DIGITIDE,DIGITIDE
DIGJAMLMTD,DIGJAMLMTD
DISHTV,DISHTV
DIVGIITTS,DIVGIITTS
DIVIDEND,DIVIDEND
DIVISLAB,DIVISLAB
DIVOPPBEES,DIVOPPBEES
DIXON,DIXON
DJML,DJML
DLF,DLF
DLINKINDIA,DLINKINDIA
DMART,DMART
DMCC,DMCC
DNAMEDIA,DNAMEDIA
DODLA,DODLA
DOLATALGO,DOLATALGO
DOLLAR,DOLLAR
DOLPHIN,DOLPHIN
DOMS,DOMS
DONEAR,DONEAR
DPABHUSHAN,DPABHUSHAN
DPSCLTD,DPSCLTD
DPWIRES,DPWIRES
DRCSYSTEMS,DRCSYSTEMS
DREAMFOLKS,DREAMFOLKS
DREDGECORP,DREDGECORP
DRREDDY,DRREDDY
DSSL,DSSL
DTIL,DTIL
DUCON,DUCON
DVL,DVL
DWARKESH,DWARKESH
DYCL,DYCL
DYNAMATECH,DYNAMATECH
DYNPRO,DYNPRO
E2E,E2E
EASEMYTRIP,EASEMYTRIP
EBANKNIFTY,EBANKNIFTY
EBBETF0430,EBBETF0430
EBBETF0431,EBBETF0431
EBBETF0433,EBBETF0433
EBGNG,EBGNG
ECAPINSURE,ECAPINSURE
ECLERX,ECLERX
ECOSMOBLTY,ECOSMOBLTY
EDELWEISS,EDELWEISS
EFCIL,EFCIL
EGOLD,EGOLD
EICHERMOT,EICHERMOT
EIDPARRY,EIDPARRY
EIEL,EIEL
EIFFL,EIFFL
EIHAHOTELS,EIHAHOTELS
EIHOTEL,EIHOTEL
EIMCOELECO,EIMCOELECO
EKC,EKC
ELDEHSG,ELDEHSG
ELECON,ELECON
ELECTCAST,ELECTCAST
ELECTHERM,ELECTHERM
ELGIEQUIP,ELGIEQUIP
ELGIRUBCO,ELGIRUBCO
ELIN,ELIN
ELIQUID,ELIQUID
ELLEN,ELLEN
ELM250,ELM250
EMAMILTD,EMAMILTD
EMAMIPAP,EMAMIPAP
EMAMIREAL,EMAMIREAL
EMCURE,EMCURE
EMIL,EMIL
EMKAY,EMKAY
EMMBI,EMMBI
EMMVEE,EMMVEE
EMSLIMITED,EMSLIMITED
EMUDHRA,EMUDHRA
EMULTIMQ,EMULTIMQ
ENDURANCE,ENDURANCE
ENERGY,ENERGY
ENGINERSIN,ENGINERSIN
ENIFTY,ENIFTY
ENIL,ENIL
ENRIN,ENRIN
ENTERO,ENTERO
EPACK,EPACK
EPACKPEB,EPACKPEB
EPIGRAL,EPIGRAL
EPL,EPL
EQUAL200,EQUAL200
EQUAL50,EQUAL50
EQUAL50ADD,EQUAL50ADD
EQUITASBNK,EQUITASBNK
ERIS,ERIS
ESABINDIA,ESABINDIA
ESAFSFB,ESAFSFB
ESCORTS,ESCORTS
ESENSEX,ESENSEX
ESG,ESG
ESILVER,ESILVER
ESSENTIA,ESSENTIA
ESTER,ESTER
ETERNAL,ETERNAL
ETHOSLTD,ETHOSLTD
EUREKAFORB,EUREKAFORB
EUROBOND,EUROBOND
EUROPRATIK,EUROPRATIK
EVEREADY,EVEREADY
EVERESTIND,EVERESTIND
EVIETF,EVIETF
EVINDIA,EVINDIA
EXCEL,EXCEL
EXCELINDUS,EXCELINDUS
EXCELSOFT,EXCELSOFT
EXICOM,EXICOM
EXIDEIND,EXIDEIND
EXPLEOSOL,EXPLEOSOL
FABTECH,FABTECH
FACT,FACT
FAIRCHEMOR,FAIRCHEMOR
FAZE3Q,FAZE3Q
FCL,FCL
FCSSOFT,FCSSOFT
FDC,FDC
FEDERALBNK,FEDERALBNK
FEDFINA,FEDFINA
FIBERWEB,FIBERWEB
FIEMIND,FIEMIND
FILATEX,FILATEX
FILATFASH,FILATFASH
FINCABLES,FINCABLES
FINEORG,FINEORG
FINIETF,FINIETF
FINKURVE,FINKURVE
FINOPB,FINOPB
FINPIPE,FINPIPE
FIRSTCRY,FIRSTCRY
FISCHER,FISCHER
FIVESTAR,FIVESTAR
FLAIR,FLAIR
FLEXIADD,FLEXIADD
FLEXITUFF,FLEXITUFF
FLUOROCHEM,FLUOROCHEM
FMCGIETF,FMCGIETF
FMGOETZE,FMGOETZE
FMNL,FMNL
FOCUS,FOCUS
FOODSIN,FOODSIN
FORCEMOT,FORCEMOT
FORTIS,FORTIS
FOSECOIND,FOSECOIND
FSL,FSL
FUSION,FUSION
GABRIEL,GABRIEL
GAEL,GAEL
GAIL,GAIL
GALAPREC,GALAPREC
GALAXYSURF,GALAXYSURF
GALLANTT,GALLANTT
GANDHAR,GANDHAR
GANDHITUBE,GANDHITUBE
GANECOS,GANECOS
GANESHBE,GANESHBE
GANESHCP,GANESHCP
GANESHHOU,GANESHHOU
GANGAFORGE,GANGAFORGE
GANGESSECU,GANGESSECU
GARFIBRES,GARFIBRES
GARUDA,GARUDA
GATECH,GATECH
GATECHDVR,GATECHDVR
GATEWAY,GATEWAY
GAYAHWS,GAYAHWS
GEECEE,GEECEE
GEEKAYWIRE,GEEKAYWIRE
GEMAROMA,GEMAROMA
GENCON,GENCON
GENESYS,GENESYS
GENUSPAPER,GENUSPAPER
GENUSPOWER,GENUSPOWER
GEOJITFSL,GEOJITFSL
GESHIP,GESHIP
GFLLIMITED,GFLLIMITED
GHCL,GHCL
GHCLTEXTIL,GHCLTEXTIL
GICHSGFIN,GICHSGFIN
GICRE,GICRE
GILLANDERS,GILLANDERS
GILLETTE,GILLETTE
GILT10BETA,GILT10BETA
GILT5BETA,GILT5BETA
GILT5YBEES,GILT5YBEES
GINNIFILA,GINNIFILA
GIPCL,GIPCL
GKENERGY,GKENERGY
GKSL,GKSL
GKWLIMITED,GKWLIMITED
GLAND,GLAND
GLAXO,GLAXO
GLENMARK,GLENMARK
GLOBALE,GLOBALE
GLOBALVECT,GLOBALVECT
GLOBE,GLOBE
GLOBECIVIL,GLOBECIVIL
GLOBUSSPR,GLOBUSSPR
GLOSTERLTD,GLOSTERLTD
GLOTTIS,GLOTTIS
GMBREW,GMBREW
GMDCLTD,GMDCLTD
GMMPFAUDLR,GMMPFAUDLR
GMRAIRPORT,GMRAIRPORT
GMRP&UI,GMRP&UI
GNA,GNA
GNFC,GNFC
GOACARBON,GOACARBON
GOCLCORP,GOCLCORP
GOCOLORS,GOCOLORS
GODAVARIB,GODAVARIB
GODFRYPHLP,GODFRYPHLP
GODIGIT,GODIGIT
GODREJAGRO,GODREJAGRO
GODREJCP,GODREJCP
GODREJIND,GODREJIND
GODREJPROP,GODREJPROP
GOKEX,GOKEX
GOKUL,GOKUL
GOKULAGRO,GOKULAGRO
GOLD1,GOLD1
GOLD360,GOLD360
GOLDADD,GOLDADD
GOLDBEES,GOLDBEES
GOLDBETA,GOLDBETA
GOLDBND,GOLDBND
GOLDCASE,GOLDCASE
GOLDETF,GOLDETF
GOLDIAM,GOLDIAM
GOLDIETF,GOLDIETF
GOLDTECH,GOLDTECH
GOODLUCK,GOODLUCK
GOPAL,GOPAL
GPIL,GPIL
GPPL,GPPL
GPTHEALTH,GPTHEALTH
GPTINFRA,GPTINFRA
GRANULES,GRANULES
GRAPHITE,GRAPHITE
GRASIM,GRASIM
GRAVITA,GRAVITA
GREAVESCOT,GREAVESCOT
GREENLAM,GREENLAM
GREENPANEL,GREENPANEL
GREENPLY,GREENPLY
GREENPOWER,GREENPOWER
GRINDWELL,GRINDWELL
GRINFRA,GRINFRA
GRMOVER,GRMOVER
GROBTEA,GROBTEA
GROWW,GROWW
GROWWCAPM,GROWWCAPM
GROWWCHEM,GROWWCHEM
GROWWDEFNC,GROWWDEFNC
GROWWEV,GROWWEV
GROWWGOLD,GROWWGOLD
GROWWLIQID,GROWWLIQID
GROWWLOVOL,GROWWLOVOL
GROWWMC150,GROWWMC150
GROWWMETAL,GROWWMETAL
GROWWMOM50,GROWWMOM50
GROWWN200,GROWWN200
GROWWNET,GROWWNET
GROWWNIFTY,GROWWNIFTY
GROWWNXT50,GROWWNXT50
GROWWPOWER,GROWWPOWER
GROWWRAIL,GROWWRAIL
GROWWRLTY,GROWWRLTY
GROWWSC250,GROWWSC250
GROWWSLVR,GROWWSLVR
GRPLTD,GRPLTD
GRSE,GRSE
GRWRHITECH,GRWRHITECH
GSEC10ABSL,GSEC10ABSL
GSEC10IETF,GSEC10IETF
GSEC10YEAR,GSEC10YEAR
GSEC5IETF,GSEC5IETF
GSFC,GSFC
GSPL,GSPL
GSS,GSS
GTECJAINX,GTECJAINX
GTL,GTL
GTLINFRA,GTLINFRA
GTPL,GTPL
GUFICBIO,GUFICBIO
GUJALKALI,GUJALKALI
GUJAPOLLO,GUJAPOLLO
GUJGASLTD,GUJGASLTD
GUJTHEM,GUJTHEM
GULFOILLUB,GULFOILLUB
GULFPETRO,GULFPETRO
GULPOLY,GULPOLY
GVPIL,GVPIL
GVPTECH,GVPTECH
GVT&D,GVT&D
HAL,HAL
HAPPSTMNDS,HAPPSTMNDS
HAPPYFORGE,HAPPYFORGE
HARIOMPIPE,HARIOMPIPE
HARRMALAYA,HARRMALAYA
HARSHA,HARSHA
HATHWAY,HATHWAY
HATSUN,HATSUN
HAVELLS,HAVELLS
HAVISHA,HAVISHA
HBLENGINE,HBLENGINE
HCC,HCC
HCG,HCG
HCL-INSYS,HCL-INSYS
HCLTECH,HCLTECH
HDBFS,HDBFS
HDFCAMC,HDFCAMC
HDFCBANK,HDFCBANK
HDFCBSE500,HDFCBSE500
HDFCGOLD,HDFCGOLD
HDFCGROWTH,HDFCGROWTH
HDFCLIFE,HDFCLIFE
HDFCLIQUID,HDFCLIQUID
HDFCLOWVOL,HDFCLOWVOL
HDFCMID150,HDFCMID150
HDFCMOMENT,HDFCMOMENT
HDFCNEXT50,HDFCNEXT50
HDFCNIF100,HDFCNIF100
HDFCNIFBAN,HDFCNIFBAN
HDFCNIFIT,HDFCNIFIT
HDFCNIFTY,HDFCNIFTY
HDFCPSUBK,HDFCPSUBK
HDFCPVTBAN,HDFCPVTBAN
HDFCQUAL,HDFCQUAL
HDFCSENSEX,HDFCSENSEX
HDFCSILVER,HDFCSILVER
HDFCSML250,HDFCSML250
HDFCVALUE,HDFCVALUE
HEADSUP,HEADSUP
HEALTHADD,HEALTHADD
HEALTHIETF,HEALTHIETF
HEALTHY,HEALTHY
HECPROJECT,HECPROJECT
HEG,HEG
HEIDELBERG,HEIDELBERG
HEMIPROP,HEMIPROP
HERANBA,HERANBA
HERITGFOOD,HERITGFOOD
HEROMOTOCO,HEROMOTOCO
HESTERBIO,HESTERBIO
HEXATRADEX,HEXATRADEX
HEXT,HEXT
HFCL,HFCL
HGINFRA,HGINFRA
HGM,HGM
HGS,HGS
HIKAL,HIKAL
HILINFRA,HILINFRA
HILTON,HILTON
HIMATSEIDE,HIMATSEIDE
HINDALCO,HINDALCO
HINDCOMPOS,HINDCOMPOS
HINDCON,HINDCON
HINDCOPPER,HINDCOPPER
HINDOILEXP,HINDOILEXP
HINDPETRO,HINDPETRO
HINDUNILVR,HINDUNILVR
HINDWAREAP,HINDWAREAP
HINDZINC,HINDZINC
HIRECT,HIRECT
HISARMETAL,HISARMETAL
HITECH,HITECH
HITECHCORP,HITECHCORP
HLEGLAS,HLEGLAS
HLVLTD,HLVLTD
HMAAGRO,HMAAGRO
HMVL,HMVL
HNDFDS,HNDFDS
HNGSNGBEES,HNGSNGBEES
HOMEFIRST,HOMEFIRST
HONASA,HONASA
HONAUT,HONAUT
HONDAPOWER,HONDAPOWER
HPAL,HPAL
HPIL,HPIL
HPL,HPL
HSCL,HSCL
HTMEDIA,HTMEDIA
HUBTOWN,HUBTOWN
HUDCO,HUDCO
HUHTAMAKI,HUHTAMAKI
HYBRIDFIN,HYBRIDFIN
HYUNDAI,HYUNDAI
IBULLSLTD,IBULLSLTD
ICDSLTD,ICDSLTD
ICEMAKE,ICEMAKE
ICICIAMC,ICICIAMC
ICICIB22,ICICIB22
ICICIBANK,ICICIBANK
ICICIGI,ICICIGI
ICICIPRULI,ICICIPRULI
ICIL,ICIL
ICRA,ICRA
IDBI,IDBI
IDEA,IDEA
IDEAFORGE,IDEAFORGE
IDFCFIRSTB,IDFCFIRSTB
IDFNIFTYET,IDFNIFTYET
IEX,IEX
IFBAGRO,IFBAGRO
IFBIND,IFBIND
IFCI,IFCI
IFGLEXPOR,IFGLEXPOR
IGARASHI,IGARASHI
IGCL,IGCL
IGIL,IGIL
IGL,IGL
IGPL,IGPL
IIFL,IIFL
IIFLCAPS,IIFLCAPS
IITL,IITL
IKIO,IKIO
IKS,IKS
IMAGICAA,IMAGICAA
IMFA,IMFA
IMPAL,IMPAL
INCREDIBLE,INCREDIBLE
INDBANK,INDBANK
INDGN,INDGN
INDHOTEL,INDHOTEL
INDIACEM,INDIACEM
INDIAGLYCO,INDIAGLYCO
INDIAMART,INDIAMART
INDIANB,INDIANB
INDIANCARD,INDIANCARD
INDIANHUME,INDIANHUME
INDIASHLTR,INDIASHLTR
INDIGO,INDIGO
INDIGOPNTS,INDIGOPNTS
INDIQUBE,INDIQUBE
INDNIPPON,INDNIPPON
INDOAMIN,INDOAMIN
INDOBORAX,INDOBORAX
INDOCO,INDOCO
INDOFARM,INDOFARM
INDORAMA,INDORAMA
INDOSTAR,INDOSTAR
INDOTECH,INDOTECH
INDOTHAI,INDOTHAI
INDOUS,INDOUS
INDOWIND,INDOWIND
INDRAMEDCO,INDRAMEDCO
INDSWFTLAB,INDSWFTLAB
INDTERRAIN,INDTERRAIN
INDUSINDBK,INDUSINDBK
INDUSTOWER,INDUSTOWER
INFIBEAM,INFIBEAM
INFOBEAN,INFOBEAN
INFOMEDIA,INFOMEDIA
INFRABEES,INFRABEES
INFRAIETF,INFRAIETF
INFY,INFY
INGERRAND,INGERRAND
INNOVACAP,INNOVACAP
INNOVANA,INNOVANA
INOXGREEN,INOXGREEN
INOXINDIA,INOXINDIA
INOXWIND,INOXWIND
INSECTICID,INSECTICID
INSPIRISYS,INSPIRISYS
INTELLECT,INTELLECT
INTENTECH,INTENTECH
INTERARCH,INTERARCH
INTERNET,INTERNET
INTLCONV,INTLCONV
INVENTURE,INVENTURE
IOB,IOB
IOC,IOC
IOLCP,IOLCP
IONEXCHANG,IONEXCHANG
IPCALAB,IPCALAB
IPL,IPL
IRB,IRB
IRCON,IRCON
IRCTC,IRCTC
IREDA,IREDA
IRFC,IRFC
IRIS,IRIS
IRISDOREME,IRISDOREME
IRMENERGY,IRMENERGY
ISFT,ISFT
ISGEC,ISGEC
ISHANCH,ISHANCH
IT,IT
ITADD,ITADD
ITBEES,ITBEES
ITBETA,ITBETA
ITC,ITC
ITCHOTELS,ITCHOTELS
ITDC,ITDC
ITETF,ITETF
ITI,ITI
ITIETF,ITIETF
IVALUE,IVALUE
IVC,IVC
IVP,IVP
IVZINGOLD,IVZINGOLD
IVZINNIFTY,IVZINNIFTY
IXIGO,IXIGO
IZMO,IZMO
J&KBANK,J&KBANK
JAGRAN,JAGRAN
JAGSNPHARM,JAGSNPHARM
JAIBALAJI,JAIBALAJI
JAICORPLTD,JAICORPLTD
JAINREC,JAINREC
JAIPURKURT,JAIPURKURT
JAMNAAUTO,JAMNAAUTO
JARO,JARO
JASH,JASH
JAYAGROGN,JAYAGROGN
JAYBARMARU,JAYBARMARU
JAYKAY,JAYKAY
JAYNECOIND,JAYNECOIND
JAYSREETEA,JAYSREETEA
JBCHEPHARM,JBCHEPHARM
JBMA,JBMA
JGCHEM,JGCHEM
JHS,JHS
JINDALPHOT,JINDALPHOT
JINDALPOLY,JINDALPOLY
JINDALSAW,JINDALSAW
JINDALSTEL,JINDALSTEL
JINDRILL,JINDRILL
JINDWORLD,JINDWORLD
JIOFIN,JIOFIN
JISLDVREQS,JISLDVREQS
JISLJALEQS,JISLJALEQS
JITFINFRA,JITFINFRA
JKCEMENT,JKCEMENT
JKIL,JKIL
JKIPL,JKIPL
JKLAKSHMI,JKLAKSHMI
JKPAPER,JKPAPER
JKTYRE,JKTYRE
JLHL,JLHL
JMA,JMA
JMFINANCIL,JMFINANCIL
JNKINDIA,JNKINDIA
JOCIL,JOCIL
JPOLYINVST,JPOLYINVST
JPPOWER,JPPOWER
JSFB,JSFB
JSL,JSL
JSLL,JSLL
JSWCEMENT,JSWCEMENT
JSWENERGY,JSWENERGY
JSWHL,JSWHL
JSWINFRA,JSWINFRA
JSWSTEEL,JSWSTEEL
JTEKTINDIA,JTEKTINDIA
JTLIND,JTLIND
JUBLCPL,JUBLCPL
JUBLFOOD,JUBLFOOD
JUBLINGREA,JUBLINGREA
JUBLPHARMA,JUBLPHARMA
JUNIORBEES,JUNIORBEES
JUNIPER,JUNIPER
JUSTDIAL,JUSTDIAL
JWL,JWL
JYOTHYLAB,JYOTHYLAB
JYOTICNC,JYOTICNC
JYOTISTRUC,JYOTISTRUC
KABRAEXTRU,KABRAEXTRU
KAJARIACER,KAJARIACER
KAKATCEM,KAKATCEM
KALAMANDIR,KALAMANDIR
KALPATARU,KALPATARU
KALYANIFRG,KALYANIFRG
KALYANKJIL,KALYANKJIL
KAMATHOTEL,KAMATHOTEL
KAMDHENU,KAMDHENU
KAMOPAINTS,KAMOPAINTS
KANANIIND,KANANIIND
KANORICHEM,KANORICHEM
KANPRPLA,KANPRPLA
KANSAINER,KANSAINER
KARMAENG,KARMAENG
KARURVYSYA,KARURVYSYA
KAUSHALYA,KAUSHALYA
KAVDEFENCE,KAVDEFENCE
KAYA,KAYA
KAYNES,KAYNES
KCP,KCP
KCPSUGIND,KCPSUGIND
KDDL,KDDL
KEC,KEC
KECL,KECL
KEEPLEARN,KEEPLEARN
KEI,KEI
KELLTONTEC,KELLTONTEC
KERNEX,KERNEX
KEYFINSERV,KEYFINSERV
KFINTECH,KFINTECH
KHADIM,KHADIM
KHAICHEM,KHAICHEM
KHAITANLTD,KHAITANLTD
KHANDSE,KHANDSE
KICL,KICL
KILITCH,KILITCH
KIMS,KIMS
KINGFA,KINGFA
KIOCL,KIOCL
KIRIINDUS,KIRIINDUS
KIRLOSBROS,KIRLOSBROS
KIRLOSENG,KIRLOSENG
KIRLOSIND,KIRLOSIND
KIRLPNU,KIRLPNU
KITEX,KITEX
KKCL,KKCL
KMEW,KMEW
KMSUGAR,KMSUGAR
KNAGRI,KNAGRI
KNRCON,KNRCON
KOHINOOR,KOHINOOR
KOKUYOCMLN,KOKUYOCMLN
KOLTEPATIL,KOLTEPATIL
KOPRAN,KOPRAN
KOTAKBANK,KOTAKBANK
KOTARISUG,KOTARISUG
KOTHARIPET,KOTHARIPET
KOTHARIPRO,KOTHARIPRO
KPEL,KPEL
KPIGREEN,KPIGREEN
KPIL,KPIL
KPITTECH,KPITTECH
KPRMILL,KPRMILL
KRBL,KRBL
KREBSBIO,KREBSBIO
KRIDHANINF,KRIDHANINF
KRISHANA,KRISHANA
KRISHIVAL,KRISHIVAL
KRISHNADEF,KRISHNADEF
KRITI,KRITI
KRITIKA,KRITIKA
KRITINUT,KRITINUT
KRN,KRN
KRONOX,KRONOX
KROSS,KROSS
KRSNAA,KRSNAA
KRYSTAL,KRYSTAL
KSB,KSB
KSCL,KSCL
KSHINTL,KSHINTL
KSHITIJPOL,KSHITIJPOL
KSL,KSL
KSOLVES,KSOLVES
KTKBANK,KTKBANK
KUANTUM,KUANTUM
LAGNAM,LAGNAM
LAL,LAL
LALPATHLAB,LALPATHLAB
LAMBODHARA,LAMBODHARA
LANDMARK,LANDMARK
LAOPALA,LAOPALA
LASA,LASA
LATENTVIEW,LATENTVIEW
LAURUSLABS,LAURUSLABS
LAXMICOT,LAXMICOT
LAXMIDENTL,LAXMIDENTL
LAXMIINDIA,LAXMIINDIA
LEMERITE,LEMERITE
LEMONTREE,LEMONTREE
LENSKART,LENSKART
LEXUS,LEXUS
LFIC,LFIC
LGBBROSLTD,LGBBROSLTD
LGEINDIA,LGEINDIA
LGHL,LGHL
LIBAS,LIBAS
LIBERTSHOE,LIBERTSHOE
LICHSGFIN,LICHSGFIN
LICI,LICI
LICMFGOLD,LICMFGOLD
LICNETFGSC,LICNETFGSC
LICNETFN50,LICNETFN50
LICNETFSEN,LICNETFSEN
LICNFNHGP,LICNFNHGP
LICNMID100,LICNMID100
LIKHITHA,LIKHITHA
LINC,LINC
LINCOLN,LINCOLN
LINDEINDIA,LINDEINDIA
LIQGRWBEES,LIQGRWBEES
LIQUID,LIQUID
LIQUID1,LIQUID1
LIQUIDADD,LIQUIDADD
LIQUIDBEES,LIQUIDBEES
LIQUIDBETF,LIQUIDBETF
LIQUIDCASE,LIQUIDCASE
LIQUIDETF,LIQUIDETF
LIQUIDIETF,LIQUIDIETF
LIQUIDPLUS,LIQUIDPLUS
LIQUIDSBI,LIQUIDSBI
LIQUIDSHRI,LIQUIDSHRI
LLOYDSENGG,LLOYDSENGG
LLOYDSENT,LLOYDSENT
LLOYDSME,LLOYDSME
LMW,LMW
LODHA,LODHA
LOKESHMACH,LOKESHMACH
LORDSCHLO,LORDSCHLO
LOTUSDEV,LOTUSDEV
LOTUSEYE,LOTUSEYE
LOVABLE,LOVABLE
LOWVOL,LOWVOL
LOWVOL1,LOWVOL1
LOWVOLIETF,LOWVOLIETF
LOYALTEX,LOYALTEX
LPDC,LPDC
LT,LT
LTF,LTF
LTFOODS,LTFOODS
LTGILTBEES,LTGILTBEES
LTGILTCASE,LTGILTCASE
LTIM,LTIM
LTTS,LTTS
LUMAXIND,LUMAXIND
LUMAXTECH,LUMAXTECH
LUPIN,LUPIN
LUXIND,LUXIND
LXCHEM,LXCHEM
LYKALABS,LYKALABS
LYPSAGEMS,LYPSAGEMS
M&M,M&M
M&MFIN,M&MFIN
MACPOWER,MACPOWER
MADHAV,MADHAV
MADHUCON,MADHUCON
MADRASFERT,MADRASFERT
MAFANG,MAFANG
MAGADSUGAR,MAGADSUGAR
MAGNUM,MAGNUM
MAHABANK,MAHABANK
MAHAPEXLTD,MAHAPEXLTD
MAHEPC,MAHEPC
MAHESHWARI,MAHESHWARI
MAHKTECH,MAHKTECH
MAHLIFE,MAHLIFE
MAHLOG,MAHLOG
MAHSCOOTER,MAHSCOOTER
MAHSEAMLES,MAHSEAMLES
MAITHANALL,MAITHANALL
MAKEINDIA,MAKEINDIA
MALLCOM,MALLCOM
MALUPAPER,MALUPAPER
MAMATA,MAMATA
MANAKCOAT,MANAKCOAT
MANAKSIA,MANAKSIA
MANAKSTEEL,MANAKSTEEL
MANALIPETC,MANALIPETC
MANAPPURAM,MANAPPURAM
MANBA,MANBA
MANCREDIT,MANCREDIT
MANGLMCEM,MANGLMCEM
MANINDS,MANINDS
MANINFRA,MANINFRA
MANKIND,MANKIND
MANORAMA,MANORAMA
MANORG,MANORG
MANUFGBEES,MANUFGBEES
MANUGRAPH,MANUGRAPH
MANYAVAR,MANYAVAR
MAPMYINDIA,MAPMYINDIA
MARALOVER,MARALOVER
MARATHON,MARATHON
MARICO,MARICO
MARINE,MARINE
MARKOLINES,MARKOLINES
MARKSANS,MARKSANS
MARUTI,MARUTI
MASFIN,MASFIN
MASKINVEST,MASKINVEST
MASPTOP50,MASPTOP50
MASTEK,MASTEK
MASTERTR,MASTERTR
MATRIMONY,MATRIMONY
MAWANASUG,MAWANASUG
MAXESTATES,MAXESTATES
MAXHEALTH,MAXHEALTH
MAXIND,MAXIND
MAYURUNIQ,MAYURUNIQ
MAZDA,MAZDA
MAZDOCK,MAZDOCK
MBAPL,MBAPL
MBEL,MBEL
MBLINFRA,MBLINFRA
MCLEODRUSS,MCLEODRUSS
MCLOUD,MCLOUD
MCX,MCX
MEDANTA,MEDANTA
MEDIASSIST,MEDIASSIST
MEDICAMEQ,MEDICAMEQ
MEDICO,MEDICO
MEDPLUS,MEDPLUS
MEESHO,MEESHO
MEIL,MEIL
MENONBE,MENONBE
METAL,METAL
METALIETF,METALIETF
METROBRAND,METROBRAND
METROPOLIS,METROPOLIS
MFML,MFML
MFSL,MFSL
MGEL,MGEL
MGL,MGL
MHLXMIRU,MHLXMIRU
MHRIL,MHRIL
MICEL,MICEL
MID150,MID150
MID150BEES,MID150BEES
MID150CASE,MID150CASE
MIDCAP,MIDCAP
MIDCAPADD,MIDCAPADD
MIDCAPBETA,MIDCAPBETA
MIDCAPETF,MIDCAPETF
MIDCAPIETF,MIDCAPIETF
MIDHANI,MIDHANI
MIDQ50ADD,MIDQ50ADD
MIDSELIETF,MIDSELIETF
MIDSMALL,MIDSMALL
MIDWESTLTD,MIDWESTLTD
MINDACORP,MINDACORP
MINDTECK,MINDTECK
MIRCELECTR,MIRCELECTR
MIRZAINT,MIRZAINT
MITCON,MITCON
MITTAL,MITTAL
MKPL,MKPL
MMFL,MMFL
MMP,MMP
MMTC,MMTC
MNC,MNC
MOALPHA50,MOALPHA50
MOBIKWIK,MOBIKWIK
MOCAPITAL,MOCAPITAL
MODEFENCE,MODEFENCE
MODINATUR,MODINATUR
MODIRUBBER,MODIRUBBER
MODIS,MODIS
MODISONLTD,MODISONLTD
MODTHREAD,MODTHREAD
MOENERGY,MOENERGY
MOGOLD,MOGOLD
MOGSEC,MOGSEC
MOHEALTH,MOHEALTH
MOHITIND,MOHITIND
MOIL,MOIL
MOINFRA,MOINFRA
MOIPO,MOIPO
MOKSH,MOKSH
MOL,MOL
MOLDTECH,MOLDTECH
MOLDTKPAC,MOLDTKPAC
MOLOWVOL,MOLOWVOL
MOM100,MOM100
MOM30IETF,MOM30IETF
MOM50,MOM50
MOMENTUM,MOMENTUM
MOMENTUM30,MOMENTUM30
MOMENTUM50,MOMENTUM50
MOMGF,MOMGF
MOMIDMTM,MOMIDMTM
MOMNC,MOMNC
MOMOMENTUM,MOMOMENTUM
MON100,MON100
MON50EQUAL,MON50EQUAL
MONARCH,MONARCH
MONEXT50,MONEXT50
MONEYBOXX,MONEYBOXX
MONIFTY100,MONIFTY100
MONIFTY500,MONIFTY500
MONQ50,MONQ50
MONTECARLO,MONTECARLO
MOPSE,MOPSE
MOQUALITY,MOQUALITY
MOREALTY,MOREALTY
MOREPENLAB,MOREPENLAB
MOSCHIP,MOSCHIP
MOSERVICE,MOSERVICE
MOSILVER,MOSILVER
MOSMALL250,MOSMALL250
MOTHERSON,MOTHERSON
MOTILALOFS,MOTILALOFS
MOTISONS,MOTISONS
MOTOGENFIN,MOTOGENFIN
MOTOUR,MOTOUR
MOVALUE,MOVALUE
MPHASIS,MPHASIS
MPSLTD,MPSLTD
MRF,MRF
MRPL,MRPL
MSCIADD,MSCIADD
MSCIINDIA,MSCIINDIA
MSPL,MSPL
MSTCLTD,MSTCLTD
MSUMI,MSUMI
MTARTECH,MTARTECH
MTNL,MTNL
MUFIN,MUFIN
MUFTI,MUFTI
MUKANDLTD,MUKANDLTD
MUKKA,MUKKA
MUKTAARTS,MUKTAARTS
MULTICAP,MULTICAP
MUNJALAU,MUNJALAU
MUNJALSHOW,MUNJALSHOW
MURUDCERA,MURUDCERA
MUTHOOTCAP,MUTHOOTCAP
MUTHOOTFIN,MUTHOOTFIN
MUTHOOTMF,MUTHOOTMF
MVGJL,MVGJL
MWL,MWL
NACLIND,NACLIND
NAGAFERT,NAGAFERT
NAGREEKCAP,NAGREEKCAP
NAGREEKEXP,NAGREEKEXP
NAHARCAP,NAHARCAP
NAHARINDUS,NAHARINDUS
NAHARPOLY,NAHARPOLY
NAHARSPING,NAHARSPING
NAM-INDIA,NAM-INDIA
NARMADA,NARMADA
NATCAPSUQ,NATCAPSUQ
NATCOPHARM,NATCOPHARM
NATHBIOGEN,NATHBIOGEN
NATIONALUM,NATIONALUM
NAUKRI,NAUKRI
NAVA,NAVA
NAVINFLUOR,NAVINFLUOR
NAVKARCORP,NAVKARCORP
NAVNETEDUL,NAVNETEDUL
NAZARA,NAZARA
NBCC,NBCC
NBIFIN,NBIFIN
NCC,NCC
NCLIND,NCLIND
NDGL,NDGL
NDL,NDL
NDLVENTURE,NDLVENTURE
NDRAUTO,NDRAUTO
NDTV,NDTV
NECCLTD,NECCLTD
NELCAST,NELCAST
NELCO,NELCO
NEOGEN,NEOGEN
NEPHROPLUS,NEPHROPLUS
NESCO,NESCO
NESTLEIND,NESTLEIND
NETF,NETF
NETWEB,NETWEB
NETWORK18,NETWORK18
NEULANDLAB,NEULANDLAB
NEWGEN,NEWGEN
NEXT30ADD,NEXT30ADD
NEXT50,NEXT50
NEXT50ADD,NEXT50ADD
NEXT50BETA,NEXT50BETA
NEXT50ETF,NEXT50ETF
NEXT50IETF,NEXT50IETF
NEXTMEDIA,NEXTMEDIA
NFL,NFL
NGIL,NGIL
NGLFINE,NGLFINE
NH,NH
NHPC,NHPC
NIACL,NIACL
NIBE,NIBE
NIBL,NIBL
NIF100BEES,NIF100BEES
NIF100IETF,NIF100IETF
NIFTY1,NIFTY1
NIFTY100EW,NIFTY100EW
NIFTYADD,NIFTYADD
NIFTYBEES,NIFTYBEES
NIFTYBETA,NIFTYBETA
NIFTYBETF,NIFTYBETF
NIFTYCASE,NIFTYCASE
NIFTYETF,NIFTYETF
NIFTYIETF,NIFTYIETF
NIFTYQLITY,NIFTYQLITY
NIITLTD,NIITLTD
NIITMTS,NIITMTS
NILAINFRA,NILAINFRA
NILASPACES,NILASPACES
NILKAMAL,NILKAMAL
NINSYS,NINSYS
NIPPOBATRY,NIPPOBATRY
NIRAJ,NIRAJ
NIRAJISPAT,NIRAJISPAT
NITCO,NITCO
NITINSPIN,NITINSPIN
NITIRAJ,NITIRAJ
NIVABUPA,NIVABUPA
NKIND,NKIND
NLCINDIA,NLCINDIA
NMDC,NMDC
NOCIL,NOCIL
NOIDATOLL,NOIDATOLL
NORTHARC,NORTHARC
NOVAAGRI,NOVAAGRI
NPBET,NPBET
NPST,NPST
NRAIL,NRAIL
NRBBEARING,NRBBEARING
NRL,NRL
NSIL,NSIL
NSLNISP,NSLNISP
NTPC,NTPC
NTPCGREEN,NTPCGREEN
NUCLEUS,NUCLEUS
NURECA,NURECA
NUVAMA,NUVAMA
NUVOCO,NUVOCO
NV20,NV20
NV20BEES,NV20BEES
NV20IETF,NV20IETF
NYKAA,NYKAA
OAL,OAL
OBCL,OBCL
OBEROIRLTY,OBEROIRLTY
OCCLLTD,OCCLLTD
ODIGMA,ODIGMA
OFSS,OFSS
OIL,OIL
OILCOUNTUB,OILCOUNTUB
OILIETF,OILIETF
OLAELEC,OLAELEC
OLECTRA,OLECTRA
OMAXAUTO,OMAXAUTO
OMAXE,OMAXE
OMFREIGHT,OMFREIGHT
OMINFRAL,OMINFRAL
ONEPOINT,ONEPOINT
ONESOURCE,ONESOURCE
ONGC,ONGC
ONMOBILE,ONMOBILE
ONWARDTEC,ONWARDTEC
OPTIEMUS,OPTIEMUS
ORBTEXP,ORBTEXP
ORCHASP,ORCHASP
ORCHPHARMA,ORCHPHARMA
ORIENTALTL,ORIENTALTL
ORIENTBELL,ORIENTBELL
ORIENTCEM,ORIENTCEM
ORIENTCER,ORIENTCER
ORIENTELEC,ORIENTELEC
ORIENTHOT,ORIENTHOT
ORIENTLTD,ORIENTLTD
ORIENTPPR,ORIENTPPR
ORIENTTECH,ORIENTTECH
ORISSAMINE,ORISSAMINE
ORKLAINDIA,ORKLAINDIA
OSIAHYPER,OSIAHYPER
OSWALAGRO,OSWALAGRO
OSWALGREEN,OSWALGREEN
OSWALPUMPS,OSWALPUMPS
OSWALSEEDS,OSWALSEEDS
PACEDIGITK,PACEDIGITK
PAGEIND,PAGEIND
PAISALO,PAISALO
PAKKA,PAKKA
PALASHSECU,PALASHSECU
PALREDTEC,PALREDTEC
PANACEABIO,PANACEABIO
PANACHE,PANACHE
PANAMAPET,PANAMAPET
PAR,PAR
PARACABLES,PARACABLES
PARADEEP,PARADEEP
PARAGMILK,PARAGMILK
PARAS,PARAS
PARASPETRO,PARASPETRO
PARKHOSPS,PARKHOSPS
PARKHOTELS,PARKHOTELS
PARSVNATH,PARSVNATH
PASHUPATI,PASHUPATI
PASUPTAC,PASUPTAC
PATANJALI,PATANJALI
PATELENG,PATELENG
PATELRMART,PATELRMART
PATINTLOG,PATINTLOG
PAUSHAKLTD,PAUSHAKLTD
PAVNAIND,PAVNAIND
PAYTM,PAYTM
PCBL,PCBL
PCJEWELLER,PCJEWELLER
PDMJEPAPER,PDMJEPAPER
PDSL,PDSL
PEARLPOLY,PEARLPOLY
PENIND,PENIND
PENINLAND,PENINLAND
PERSISTENT,PERSISTENT
PETRONET,PETRONET
PFC,PFC
PFIZER,PFIZER
PFOCUS,PFOCUS
PFS,PFS
PGEL,PGEL
PGHH,PGHH
PGHL,PGHL
PGIL,PGIL
PHARMABEES,PHARMABEES
PHOENIXLTD,PHOENIXLTD
PICCADIL,PICCADIL
PIDILITIND,PIDILITIND
PIGL,PIGL
PIIND,PIIND
PILANIINVS,PILANIINVS
PILITA,PILITA
PINELABS,PINELABS
PIONEEREMB,PIONEEREMB
PIRAMALFIN,PIRAMALFIN
PITTIENG,PITTIENG
PIXTRANS,PIXTRANS
PKTEA,PKTEA
PLASTIBLEN,PLASTIBLEN
PLATIND,PLATIND
PLAZACABLE,PLAZACABLE
PNB,PNB
PNBGILTS,PNBGILTS
PNBHOUSING,PNBHOUSING
PNC,PNC
PNCINFRA,PNCINFRA
PNGJL,PNGJL
POCL,POCL
PODDARMENT,PODDARMENT
POKARNA,POKARNA
POLICYBZR,POLICYBZR
POLYCAB,POLYCAB
POLYMED,POLYMED
POLYPLEX,POLYPLEX
PONNIERODE,PONNIERODE
POONAWALLA,POONAWALLA
POWERGRID,POWERGRID
POWERINDIA,POWERINDIA
POWERMECH,POWERMECH
PPAP,PPAP
PPL,PPL
PPLPHARMA,PPLPHARMA
PRABHA,PRABHA
PRAJIND,PRAJIND
PRAKASH,PRAKASH
PRAXIS,PRAXIS
PRECAM,PRECAM
PRECOT,PRECOT
PRECWIRE,PRECWIRE
PREMEXPLN,PREMEXPLN
PREMIERENE,PREMIERENE
PREMIERPOL,PREMIERPOL
PRESTIGE,PRESTIGE
PRICOLLTD,PRICOLLTD
PRIMESECU,PRIMESECU
PRIMO,PRIMO
PRINCEPIPE,PRINCEPIPE
PRITI,PRITI
PRITIKAUTO,PRITIKAUTO
PRIVISCL,PRIVISCL
PROSTARM,PROSTARM
PROTEAN,PROTEAN
PRSMJOHNSN,PRSMJOHNSN
PRUDENT,PRUDENT
PRUDMOULI,PRUDMOULI
PSB,PSB
PSPPROJECT,PSPPROJECT
PSUBANK,PSUBANK
PSUBANKADD,PSUBANKADD
PSUBNKBEES,PSUBNKBEES
PSUBNKIETF,PSUBNKIETF
PTC,PTC
PTCIL,PTCIL
PTL,PTL
PUNJABCHEM,PUNJABCHEM
PURVA,PURVA
PVP,PVP
PVRINOX,PVRINOX
PVSL,PVSL
PVTBANIETF,PVTBANIETF
PVTBANKADD,PVTBANKADD
PWL,PWL
PYRAMID,PYRAMID
QGOLDHALF,QGOLDHALF
QNIFTY,QNIFTY
QPOWER,QPOWER
QUADFUTURE,QUADFUTURE
QUAL30IETF,QUAL30IETF
QUALITY30,QUALITY30
QUESS,QUESS
QUICKHEAL,QUICKHEAL
RACE,RACE
RACLGEAR,RACLGEAR
RADAAN,RADAAN
RADHIKAJWE,RADHIKAJWE
RADIANTCMS,RADIANTCMS
RADICO,RADICO
RADIOCITY,RADIOCITY
RAILTEL,RAILTEL
RAIN,RAIN
RAINBOW,RAINBOW
RAJMET,RAJMET
RAJOOENG,RAJOOENG
RAJRATAN,RAJRATAN
RAJSREESUG,RAJSREESUG
RAJTV,RAJTV
RALLIS,RALLIS
RAMANEWS,RAMANEWS
RAMAPHO,RAMAPHO
RAMASTEEL,RAMASTEEL
RAMCOCEM,RAMCOCEM
RAMCOIND,RAMCOIND
RAMCOSYS,RAMCOSYS
RAMKY,RAMKY
RAMRAT,RAMRAT
RANASUG,RANASUG
RANEHOLDIN,RANEHOLDIN
RATEGAIN,RATEGAIN
RATNAMANI,RATNAMANI
RATNAVEER,RATNAVEER
RAYMOND,RAYMOND
RAYMONDLSL,RAYMONDLSL
RAYMONDREL,RAYMONDREL
RBA,RBA
RBLBANK,RBLBANK
RBZJEWEL,RBZJEWEL
RCF,RCF
RECLTD,RECLTD
REDINGTON,REDINGTON
REDTAPE,REDTAPE
REFEX,REFEX
REGAAL,REGAAL
REGENCERAM,REGENCERAM
RELAXO,RELAXO
RELCHEMQ,RELCHEMQ
RELIANCE,RELIANCE
RELIGARE,RELIGARE
RELTD,RELTD
REMSONSIND,REMSONSIND
RENUKA,RENUKA
REPCOHOME,REPCOHOME
REPL,REPL
REPRO,REPRO
RESPONIND,RESPONIND
RETAIL,RETAIL
RGL,RGL
RHETAN,RHETAN
RHIM,RHIM
RHL,RHL
RICOAUTO,RICOAUTO
RIIL,RIIL
RISHABH,RISHABH
RITCO,RITCO
RITES,RITES
RKDL,RKDL
RKEC,RKEC
RKFORGE,RKFORGE
RKSWAMY,RKSWAMY
RMDRIP,RMDRIP
RML,RML
RNBDENIMS,RNBDENIMS
ROHLTD,ROHLTD
ROLEXRINGS,ROLEXRINGS
ROML,ROML
ROSSARI,ROSSARI
ROSSELLIND,ROSSELLIND
ROSSTECH,ROSSTECH
ROTO,ROTO
ROUTE,ROUTE
RPEL,RPEL
RPGLIFE,RPGLIFE
RPOWER,RPOWER
RPPINFRA,RPPINFRA
RPPL,RPPL
RPSGVENT,RPSGVENT
RPTECH,RPTECH
RRKABEL,RRKABEL
RSSOFTWARE,RSSOFTWARE
RSWM,RSWM
RSYSTEMS,RSYSTEMS
RTNINDIA,RTNINDIA
RTNPOWER,RTNPOWER
RUBFILA,RUBFILA
RUBICON,RUBICON
RUBYMILLS,RUBYMILLS
RUCHINFRA,RUCHINFRA
RUCHIRA,RUCHIRA
RUDRA,RUDRA
RUPA,RUPA
RUSHIL,RUSHIL
RUSTOMJEE,RUSTOMJEE
RVHL,RVHL
RVNL,RVNL
RVTH,RVTH
S&SPOWER,S&SPOWER
SAATVIKGL,SAATVIKGL
SADBHIN,SADBHIN
SADHNANIQ,SADHNANIQ
SAFARI,SAFARI
SAGARDEEP,SAGARDEEP
SAGCEM,SAGCEM
SAGILITY,SAGILITY
SAHYADRI,SAHYADRI
SAIL,SAIL
SAILIFE,SAILIFE
SAKAR,SAKAR
SAKHTISUG,SAKHTISUG
SAKSOFT,SAKSOFT
SAKUMA,SAKUMA
SALASAR,SALASAR
SALONA,SALONA
SALZERELEC,SALZERELEC
SAMBHV,SAMBHV
SAMHI,SAMHI
SAMMAANCAP,SAMMAANCAP
SAMPANN,SAMPANN
SANATHAN,SANATHAN
SANDESH,SANDESH
SANDHAR,SANDHAR
SANDUMA,SANDUMA
SANGAMIND,SANGAMIND
SANGHIIND,SANGHIIND
SANGHVIMOV,SANGHVIMOV
SANGINITA,SANGINITA
SANOFI,SANOFI
SANOFICONR,SANOFICONR
SANSERA,SANSERA
SANSTAR,SANSTAR
SAPPHIRE,SAPPHIRE
SARDAEN,SARDAEN
SAREGAMA,SAREGAMA
SARLAPOLY,SARLAPOLY
SARVESHWAR,SARVESHWAR
SASKEN,SASKEN
SASTASUNDR,SASTASUNDR
SATIA,SATIA
SATIN,SATIN
SAURASHCEM,SAURASHCEM
SBC,SBC
SBCL,SBCL
SBFC,SBFC
SBGLP,SBGLP
SBIBPB,SBIBPB
SBICARD,SBICARD
SBIETFCON,SBIETFCON
SBIETFIT,SBIETFIT
SBIETFPB,SBIETFPB
SBIETFQLTY,SBIETFQLTY
SBILIFE,SBILIFE
SBILIQETF,SBILIQETF
SBIN,SBIN
SBINEQWETF,SBINEQWETF
SBISILVER,SBISILVER
SCHAEFFLER,SCHAEFFLER
SCHAND,SCHAND
SCHNEIDER,SCHNEIDER
SCI,SCI
SCILAL,SCILAL
SCODATUBES,SCODATUBES
SCPL,SCPL
SDBL,SDBL
SDL26BEES,SDL26BEES
SEAMECLTD,SEAMECLTD
SECMARK,SECMARK
SEJALLTD,SEJALLTD
SELECTIPO,SELECTIPO
SEMAC,SEMAC
SENCO,SENCO
SENORES,SENORES
SENSEXADD,SENSEXADD
SENSEXBETA,SENSEXBETA
SENSEXETF,SENSEXETF
SENSEXIETF,SENSEXIETF
SEPC,SEPC
SERVOTECH,SERVOTECH
SESHAPAPER,SESHAPAPER
SETCO,SETCO
SETF10GILT,SETF10GILT
SETFGOLD,SETFGOLD
SETFNIF50,SETFNIF50
SETFNIFBK,SETFNIFBK
SETFNN50,SETFNN50
SETL,SETL
SFL,SFL
SGFIN,SGFIN
SGIL,SGIL
SGL,SGL
SGMART,SGMART
SHADOWFAX,SHADOWFAX
SHAH,SHAH
SHAHALLOYS,SHAHALLOYS
SHAILY,SHAILY
SHAKTIPUMP,SHAKTIPUMP
SHALBY,SHALBY
SHALPAINTS,SHALPAINTS
SHANKARA,SHANKARA
SHANTI,SHANTI
SHANTIGEAR,SHANTIGEAR
SHANTIGOLD,SHANTIGOLD
SHARDACROP,SHARDACROP
SHARDAMOTR,SHARDAMOTR
SHAREINDIA,SHAREINDIA
SHARIABEES,SHARIABEES
SHEKHAWATI,SHEKHAWATI
SHEMAROO,SHEMAROO
SHILCTECH,SHILCTECH
SHILPAMED,SHILPAMED
SHIVALIK,SHIVALIK
SHIVAMAUTO,SHIVAMAUTO
SHIVAMILLS,SHIVAMILLS
SHIVATEX,SHIVATEX
SHIVAUM,SHIVAUM
SHK,SHK
SHOPERSTOP,SHOPERSTOP
SHRADHA,SHRADHA
SHREDIGCEM,SHREDIGCEM
SHREECEM,SHREECEM
SHREEJISPG,SHREEJISPG
SHREEPUSHK,SHREEPUSHK
SHREERAMA,SHREERAMA
SHREYANIND,SHREYANIND
SHRINGARMS,SHRINGARMS
SHRIPISTON,SHRIPISTON
SHRIRAMFIN,SHRIRAMFIN
SHRIRAMPPS,SHRIRAMPPS
SHYAMMETL,SHYAMMETL
SHYAMTEL,SHYAMTEL
SIEMENS,SIEMENS
SIGACHI,SIGACHI
SIGIND,SIGIND
SIGMA,SIGMA
SIGNATURE,SIGNATURE
SIGNPOST,SIGNPOST
SIL,SIL
SILGO,SILGO
SILINV,SILINV
SILVER,SILVER
SILVER1,SILVER1
SILVER360,SILVER360
SILVERADD,SILVERADD
SILVERAG,SILVERAG
SILVERBEES,SILVERBEES
SILVERBETA,SILVERBETA
SILVERBND,SILVERBND
SILVERCASE,SILVERCASE
SILVERIETF,SILVERIETF
SILVERTUC,SILVERTUC
SIMPLEXINF,SIMPLEXINF
SINCLAIR,SINCLAIR
SINDHUTRAD,SINDHUTRAD
SINTERCOM,SINTERCOM
SIRCA,SIRCA
SIS,SIS
SIYSIL,SIYSIL
SJS,SJS
SJVN,SJVN
SKFINDIA,SKFINDIA
SKFINDUS,SKFINDUS
SKIPPER,SKIPPER
SKMEGGPROD,SKMEGGPROD
SKYGOLD,SKYGOLD
SMALL250,SMALL250
SMALLADD,SMALLADD
SMALLCAP,SMALLCAP
SMARTLINK,SMARTLINK
SMARTWORKS,SMARTWORKS
SMCGLOBAL,SMCGLOBAL
SML100CASE,SML100CASE
SMLMAH,SMLMAH
SMLT,SMLT
SMSPHARMA,SMSPHARMA
SNOWMAN,SNOWMAN
SNXT30BEES,SNXT30BEES
SNXT50BETA,SNXT50BETA
SOBHA,SOBHA
SOFTTECH,SOFTTECH
SOLARA,SOLARA
SOLARINDS,SOLARINDS
SOLARWORLD,SOLARWORLD
SOLEX,SOLEX
SOMANYCERA,SOMANYCERA
SOMICONVEY,SOMICONVEY
SONACOMS,SONACOMS
SONAMLTD,SONAMLTD
SONATSOFTW,SONATSOFTW
SOTL,SOTL
SOUTHBANK,SOUTHBANK
SPAL,SPAL
SPANDANA,SPANDANA
SPARC,SPARC
SPCENET,SPCENET
SPECIALITY,SPECIALITY
SPECTRUM,SPECTRUM
SPENCERS,SPENCERS
SPIC,SPIC
SPLIL,SPLIL
SPLPETRO,SPLPETRO
SPMLINFRA,SPMLINFRA
SPORTKING,SPORTKING
SRD,SRD
SREEL,SREEL
SRF,SRF
SRGHFL,SRGHFL
SRHHYPOLTD,SRHHYPOLTD
SRM,SRM
SSDL,SSDL
SSWL,SSWL
STALLION,STALLION
STANLEY,STANLEY
STAR,STAR
STARCEMENT,STARCEMENT
STARHEALTH,STARHEALTH
STARPAPER,STARPAPER
STARTECK,STARTECK
STCINDIA,STCINDIA
STEELCAS,STEELCAS
STEELCITY,STEELCITY
STEELXIND,STEELXIND
STEL,STEL
STERTOOLS,STERTOOLS
STLNETWORK,STLNETWORK
STLTECH,STLTECH
STOVEKRAFT,STOVEKRAFT
STUDDS,STUDDS
STYL,STYL
STYLAMIND,STYLAMIND
STYLEBAAZA,STYLEBAAZA
STYRENIX,STYRENIX
SUBEXLTD,SUBEXLTD
SUBROS,SUBROS
SUDARCOLOR,SUDARCOLOR
SUDARSCHEM,SUDARSCHEM
SUDEEPPHRM,SUDEEPPHRM
SUKHJITS,SUKHJITS
SULA,SULA
SUMEETINDS,SUMEETINDS
SUMICHEM,SUMICHEM
SUMIT,SUMIT
SUMMITSEC,SUMMITSEC
SUNCLAY,SUNCLAY
SUNDARAM,SUNDARAM
SUNDARMFIN,SUNDARMFIN
SUNDRMBRAK,SUNDRMBRAK
SUNDRMFAST,SUNDRMFAST
SUNDROP,SUNDROP
SUNFLAG,SUNFLAG
SUNPHARMA,SUNPHARMA
SUNTECK,SUNTECK
SUNTV,SUNTV
SUPERHOUSE,SUPERHOUSE
SUPERSPIN,SUPERSPIN
SUPRAJIT,SUPRAJIT
SUPREME,SUPREME
SUPREMEIND,SUPREMEIND
SUPRIYA,SUPRIYA
SURAJEST,SURAJEST
SURAJLTD,SURAJLTD
SURAKSHA,SURAKSHA
SURANASOL,SURANASOL
SURANAT&P,SURANAT&P
SURYALAXMI,SURYALAXMI
SURYAROSNI,SURYAROSNI
SURYODAY,SURYODAY
SUTLEJTEX,SUTLEJTEX
SUVEN,SUVEN
SUVIDHAA,SUVIDHAA
SUYOG,SUYOG
SUZLON,SUZLON
SVLL,SVLL
SWANCORP,SWANCORP
SWARAJENG,SWARAJENG
SWELECTES,SWELECTES
SWIGGY,SWIGGY
SWSOLAR,SWSOLAR
SYMPHONY,SYMPHONY
SYNCOMF,SYNCOMF
SYNGENE,SYNGENE
SYRMA,SYRMA
SYSTMTXC,SYSTMTXC
TAINWALCHM,TAINWALCHM
TAJGVK,TAJGVK
TALBROAUTO,TALBROAUTO
TANLA,TANLA
TARACHAND,TARACHAND
TARAPUR,TARAPUR
TARC,TARC
TARIL,TARIL
TARMAT,TARMAT
TARSONS,TARSONS
TASTYBITE,TASTYBITE
TATACAP,TATACAP
TATACHEM,TATACHEM
TATACOMM,TATACOMM
TATACONSUM,TATACONSUM
TATAELXSI,TATAELXSI
TATAGOLD,TATAGOLD
TATAINVEST,TATAINVEST
TATAPOWER,TATAPOWER
TATASTEEL,TATASTEEL
TATATECH,TATATECH
TATSILV,TATSILV
TATVA,TATVA
TBOTEK,TBOTEK
TBZ,TBZ
TCI,TCI
TCIEXP,TCIEXP
TCPLPACK,TCPLPACK
TCS,TCS
TDPOWERSYS,TDPOWERSYS
TEAMGTY,TEAMGTY
TEAMLEASE,TEAMLEASE
TECH,TECH
TECHM,TECHM
TECHNOE,TECHNOE
TECILCHEM,TECILCHEM
TEGA,TEGA
TEJASNET,TEJASNET
TEMBO,TEMBO
TENNIND,TENNIND
TERASOFT,TERASOFT
TEXINFRA,TEXINFRA
TEXMOPIPES,TEXMOPIPES
TEXRAIL,TEXRAIL
TFCILTD,TFCILTD
TFL,TFL
TGBHOTELS,TGBHOTELS
THANGAMAYL,THANGAMAYL
THEINVEST,THEINVEST
THEJO,THEJO
THELEELA,THELEELA
THEMISMED,THEMISMED
THERMAX,THERMAX
THOMASCOOK,THOMASCOOK
THOMASCOTT,THOMASCOTT
THYROCARE,THYROCARE
TI,TI
TIGERLOGS,TIGERLOGS
TIIL,TIIL
TIINDIA,TIINDIA
TIJARIA,TIJARIA
TIL,TIL
TIMETECHNO,TIMETECHNO
TIMKEN,TIMKEN
TINNARUBR,TINNARUBR
TIPSFILMS,TIPSFILMS
TIPSMUSIC,TIPSMUSIC
TIRUMALCHM,TIRUMALCHM
TIRUPATIFL,TIRUPATIFL
TITAGARH,TITAGARH
TITAN,TITAN
TMB,TMB
TMCV,TMCV
TMPV,TMPV
TNIDETF,TNIDETF
TNPETRO,TNPETRO
TNPL,TNPL
TNTELE,TNTELE
TOKYOPLAST,TOKYOPLAST
TOLINS,TOLINS
TOP100CASE,TOP100CASE
TOP10ADD,TOP10ADD
TOP15IETF,TOP15IETF
TOP20,TOP20
TORNTPHARM,TORNTPHARM
TORNTPOWER,TORNTPOWER
TOTAL,TOTAL
TOUCHWOOD,TOUCHWOOD
TPHQ,TPHQ
TPLPLASTEH,TPLPLASTEH
TRACXN,TRACXN
TRANSRAILL,TRANSRAILL
TRANSWORLD,TRANSWORLD
TRAVELFOOD,TRAVELFOOD
TREEHOUSE,TREEHOUSE
TREL,TREL
TRENT,TRENT
TRF,TRF
TRIDENT,TRIDENT
TRIGYN,TRIGYN
TRITURBINE,TRITURBINE
TRIVENI,TRIVENI
TRU,TRU
TRUALT,TRUALT
TSFINV,TSFINV
TTKHLTCARE,TTKHLTCARE
TTKPRESTIG,TTKPRESTIG
TTL,TTL
TTML,TTML
TVSHLTD,TVSHLTD
TVSMOTOR,TVSMOTOR
TVSSCS,TVSSCS
TVSSRICHAK,TVSSRICHAK
TVTODAY,TVTODAY
TWCGOLDETF,TWCGOLDETF
UBL,UBL
UCAL,UCAL
UCOBANK,UCOBANK
UDS,UDS
UFBL,UFBL
UFLEX,UFLEX
UFO,UFO
UGARSUGAR,UGARSUGAR
UGROCAP,UGROCAP
UJJIVANSFB,UJJIVANSFB
ULTRACEMCO,ULTRACEMCO
UMAEXPORTS,UMAEXPORTS
UMESLTD,UMESLTD
UMIYA-MRO,UMIYA-MRO
UNICHEMLAB,UNICHEMLAB
UNIDT,UNIDT
UNIECOM,UNIECOM
UNIENTER,UNIENTER
UNIINFO,UNIINFO
UNIMECH,UNIMECH
UNIONBANK,UNIONBANK
UNIONGOLD,UNIONGOLD
UNIPARTS,UNIPARTS
UNITDSPR,UNITDSPR
UNITECH,UNITECH
UNITEDTEA,UNITEDTEA
UNIVASTU,UNIVASTU
UNIVCABLES,UNIVCABLES
UNIVPHOTO,UNIVPHOTO
UNOMINDA,UNOMINDA
UPL,UPL
URAVIDEF,URAVIDEF
URBANCO,URBANCO
URJA,URJA
USHAMART,USHAMART
USK,USK
UTIAMC,UTIAMC
UTKARSHBNK,UTKARSHBNK
UTLSOLAR,UTLSOLAR
UTTAMSUGAR,UTTAMSUGAR
V2RETAIL,V2RETAIL
VADILALIND,VADILALIND
VAIBHAVGBL,VAIBHAVGBL
VAISHALI,VAISHALI
VAKRANGEE,VAKRANGEE
VAL30IETF,VAL30IETF
VALIANTLAB,VALIANTLAB
VALIANTORG,VALIANTORG
VARDHACRLC,VARDHACRLC
VARDMNPOLY,VARDMNPOLY
VARROC,VARROC
VASCONEQ,VASCONEQ
VASWANI,VASWANI
VBL,VBL
VEDL,VEDL
VEEDOL,VEEDOL
VENKEYS,VENKEYS
VENTIVE,VENTIVE
VENUSPIPES,VENUSPIPES
VERANDA,VERANDA
VERTOZ,VERTOZ
VESUVIUS,VESUVIUS
VETO,VETO
VGL,VGL
VGUARD,VGUARD
VHL,VHL
VIDHIING,VIDHIING
VIDYAWIRES,VIDYAWIRES
VIJAYA,VIJAYA
VIJIFIN,VIJIFIN
VIKASECO,VIKASECO
VIKASLIFE,VIKASLIFE
VIKRAMSOLR,VIKRAMSOLR
VIKRAN,VIKRAN
VIMTALABS,VIMTALABS
VINATIORGA,VINATIORGA
VINCOFE,VINCOFE
VINDHYATEL,VINDHYATEL
VINEETLAB,VINEETLAB
VINNY,VINNY
VINYLINDIA,VINYLINDIA
VIPCLOTHNG,VIPCLOTHNG
VIPIND,VIPIND
VIRINCHI,VIRINCHI
VISAKAIND,VISAKAIND
VISASTEEL,VISASTEEL
VISHNU,VISHNU
VISHWARAJ,VISHWARAJ
VIVIDHA,VIVIDHA
VIVIMEDLAB,VIVIMEDLAB
VIYASH,VIYASH
VLEGOV,VLEGOV
VLSFINANCE,VLSFINANCE
VMART,VMART
VMM,VMM
VMSTMT,VMSTMT
VOLTAMP,VOLTAMP
VOLTAS,VOLTAS
VPRPL,VPRPL
VRAJ,VRAJ
VRLLOG,VRLLOG
VSSL,VSSL
VSTIND,VSTIND
VSTL,VSTL
VSTTILLERS,VSTTILLERS
VTL,VTL
WAAREEENER,WAAREEENER
WAAREERTL,WAAREERTL
WABAG,WABAG
WAKEFIT,WAKEFIT
WALCHANNAG,WALCHANNAG
WANBURY,WANBURY
WCIL,WCIL
WEALTH,WEALTH
WEBELSOLAR,WEBELSOLAR
WEIZMANIND,WEIZMANIND
WEL,WEL
WELCORP,WELCORP
WELENT,WELENT
WELINV,WELINV
WELSPUNLIV,WELSPUNLIV
WENDT,WENDT
WESTLIFE,WESTLIFE
WEWIN,WEWIN
WEWORK,WEWORK
WHEELS,WHEELS
WHIRLPOOL,WHIRLPOOL
WILLAMAGOR,WILLAMAGOR
WINDLAS,WINDLAS
WINDMACHIN,WINDMACHIN
WIPL,WIPL
WIPRO,WIPRO
WOCKPHARMA,WOCKPHARMA
WONDERLA,WONDERLA
WORTHPERI,WORTHPERI
WSI,WSI
WSTCSTPAPR,WSTCSTPAPR
XCHANGING,XCHANGING
XELPMOC,XELPMOC
XPROINDIA,XPROINDIA
XTGLOBAL,XTGLOBAL
YASHO,YASHO
YATHARTH,YATHARTH
YATRA,YATRA
YESBANK,YESBANK
YUKEN,YUKEN
ZAGGLE,ZAGGLE
ZEEL,ZEEL
ZEELEARN,ZEELEARN
ZEEMEDIA,ZEEMEDIA
ZENITHEXPO,ZENITHEXPO
ZENITHSTL,ZENITHSTL
ZENSARTECH,ZENSARTECH
ZENTEC,ZENTEC
ZFCVINDIA,ZFCVINDIA
ZIMLAB,ZIMLAB
ZODIAC,ZODIAC
ZODIACLOTH,ZODIACLOTH
ZOTA,ZOTA
ZUARI,ZUARI
ZUARIIND,ZUARIIND
ZYDUSLIFE,ZYDUSLIFE
ZYDUSWELL,ZYDUSWELL
